-- MySQL dump 10.13  Distrib 8.0.19, for Win64 (x86_64)
--
-- Host: 192.168.1.133    Database: Organizations
-- ------------------------------------------------------
-- Server version	5.5.5-10.11.7-MariaDB-1:10.11.7+maria~ubu2204

/*!40101 SET @OLD_CHARACTER_SET_CLIENT=@@CHARACTER_SET_CLIENT */;
/*!40101 SET @OLD_CHARACTER_SET_RESULTS=@@CHARACTER_SET_RESULTS */;
/*!40101 SET @OLD_COLLATION_CONNECTION=@@COLLATION_CONNECTION */;
/*!50503 SET NAMES utf8mb4 */;
/*!40103 SET @OLD_TIME_ZONE=@@TIME_ZONE */;
/*!40103 SET TIME_ZONE='+00:00' */;
/*!40014 SET @OLD_UNIQUE_CHECKS=@@UNIQUE_CHECKS, UNIQUE_CHECKS=0 */;
/*!40014 SET @OLD_FOREIGN_KEY_CHECKS=@@FOREIGN_KEY_CHECKS, FOREIGN_KEY_CHECKS=0 */;
/*!40101 SET @OLD_SQL_MODE=@@SQL_MODE, SQL_MODE='NO_AUTO_VALUE_ON_ZERO' */;
/*!40111 SET @OLD_SQL_NOTES=@@SQL_NOTES, SQL_NOTES=0 */;

--
-- Current Database: `Organizations`
--

CREATE DATABASE /*!32312 IF NOT EXISTS*/ `Organizations` /*!40100 DEFAULT CHARACTER SET utf8mb4 COLLATE utf8mb4_general_ci */;

USE `Organizations`;

--
-- Table structure for table `Facilities`
--

DROP TABLE IF EXISTS `Facilities`;
/*!40101 SET @saved_cs_client     = @@character_set_client */;
/*!50503 SET character_set_client = utf8mb4 */;
CREATE TABLE `Facilities` (
  `facility_id` int(10) unsigned NOT NULL AUTO_INCREMENT,
  `organization_id` int(10) unsigned DEFAULT NULL,
  `building_name` varchar(500) DEFAULT NULL,
  `building_type` enum('Head_Office','Office','Distribution_Warehouse','Manufacturing_Facility','Storefront') NOT NULL,
  `street_1_number` int(11) DEFAULT NULL,
  `street_1_number_suffix` varchar(10) DEFAULT NULL,
  `street_1_name` varchar(500) DEFAULT NULL,
  `street_1_type` varchar(300) DEFAULT NULL,
  `street_1_direction` varchar(2) DEFAULT NULL,
  `street_2_number` int(11) DEFAULT NULL,
  `street_2_number_suffix` varchar(10) DEFAULT NULL,
  `street_2_name` varchar(500) DEFAULT NULL,
  `street_2_type` varchar(300) DEFAULT NULL,
  `street_2_direction` varchar(2) DEFAULT NULL,
  `address_type` varchar(300) DEFAULT NULL,
  `address_type_identifier` varchar(100) DEFAULT NULL,
  `local_municipality` varchar(500) DEFAULT NULL,
  `city_town` varchar(500) DEFAULT NULL,
  `governing_district` varchar(500) DEFAULT NULL,
  `postal_area` varchar(100) DEFAULT NULL,
  `country` varchar(500) DEFAULT NULL,
  `ship_time` int(11) DEFAULT NULL,
  `ship_time_units` enum('Unknown','Days','Weeks','Months') NOT NULL,
  `ship_time_in_days` int(11) DEFAULT NULL,
  `notes` varchar(2500) DEFAULT NULL,
  `timestamp_entered` timestamp(6) NOT NULL DEFAULT current_timestamp(6),
  `timestamp_modified` timestamp(6) NOT NULL DEFAULT current_timestamp(6) ON UPDATE current_timestamp(6),
  PRIMARY KEY (`facility_id`),
  KEY `organization_id` (`organization_id`),
  CONSTRAINT `Facilities_ibfk_1` FOREIGN KEY (`organization_id`) REFERENCES `Organizations` (`organization_id`)
) ENGINE=InnoDB AUTO_INCREMENT=2 DEFAULT CHARSET=utf8mb4 COLLATE=utf8mb4_general_ci;
/*!40101 SET character_set_client = @saved_cs_client */;

--
-- Dumping data for table `Facilities`
--

LOCK TABLES `Facilities` WRITE;
/*!40000 ALTER TABLE `Facilities` DISABLE KEYS */;
INSERT INTO `Facilities` VALUES (1,1,'Prolifix Nutrition HQ','Head_Office',696,NULL,NULL,'street','S',5300,NULL,NULL,'street','W','suite','1-5',NULL,'Hurricane','Utah','84737','United States of America',0,'Days',0,NULL,'2024-08-19 20:17:36.000000','2024-08-19 20:17:36.000000');
/*!40000 ALTER TABLE `Facilities` ENABLE KEYS */;
UNLOCK TABLES;

--
-- Table structure for table `Organization_Names`
--

DROP TABLE IF EXISTS `Organization_Names`;
/*!40101 SET @saved_cs_client     = @@character_set_client */;
/*!50503 SET character_set_client = utf8mb4 */;
CREATE TABLE `Organization_Names` (
  `name_id` int(10) unsigned NOT NULL AUTO_INCREMENT,
  `organization_id` int(10) unsigned DEFAULT NULL,
  `organization_name` varchar(200) NOT NULL,
  `organization_initial` varchar(10) NOT NULL,
  `primary_name` tinyint(1) DEFAULT 0,
  `timestamp_entered` timestamp(6) NOT NULL DEFAULT current_timestamp(6),
  `timestamp_modified` timestamp(6) NOT NULL DEFAULT current_timestamp(6) ON UPDATE current_timestamp(6),
  PRIMARY KEY (`name_id`),
  KEY `organization_id` (`organization_id`),
  KEY `organization_name` (`organization_name`),
  KEY `organization_initial` (`organization_initial`),
  CONSTRAINT `Organization_Names_ibfk_1` FOREIGN KEY (`organization_id`) REFERENCES `Organizations` (`organization_id`)
) ENGINE=InnoDB AUTO_INCREMENT=266 DEFAULT CHARSET=utf8mb4 COLLATE=utf8mb4_general_ci;
/*!40101 SET character_set_client = @saved_cs_client */;

--
-- Dumping data for table `Organization_Names`
--

LOCK TABLES `Organization_Names` WRITE;
/*!40000 ALTER TABLE `Organization_Names` DISABLE KEYS */;
INSERT INTO `Organization_Names` VALUES (1,1,'Prolifix Nutrition','PLX',1,'2024-08-19 20:17:36.000000','2024-08-19 20:17:36.000000'),(2,1,'Prolifix','PLX',0,'2024-08-19 20:17:36.000000','2024-08-19 20:17:36.000000'),(3,2,'Albion laboratories','ARL',1,'2024-08-19 20:17:36.000000','2024-08-19 20:17:36.000000'),(4,2,'Albion','ARL',0,'2024-08-19 20:17:36.000000','2024-08-19 20:17:36.000000'),(5,3,'Aloha Medicinals','ALOHA MED',1,'2024-08-19 20:17:36.000000','2024-08-19 20:17:36.000000'),(6,4,'AuNutra Industries Inc.','AU NUTRA',1,'2024-08-19 20:17:36.000000','2024-08-19 20:17:36.000000'),(7,4,'AuNutra','AU NUTRA',0,'2024-08-19 20:17:36.000000','2024-08-19 20:17:36.000000'),(8,5,'Azure Standard','AZURE',1,'2024-08-19 20:17:36.000000','2024-08-19 20:17:36.000000'),(9,5,'Azure Market','AZURE',0,'2024-08-19 20:17:36.000000','2024-08-19 20:17:36.000000'),(10,5,'Azure','AZURE',0,'2024-08-19 20:17:36.000000','2024-08-19 20:17:36.000000'),(11,6,'Bio Kinetics Corporation','BIO KINE',1,'2024-08-19 20:17:36.000000','2024-08-19 20:17:36.000000'),(12,6,'Bio-Kinetics','BIO KINE',0,'2024-08-19 20:17:36.000000','2024-08-19 20:17:36.000000'),(13,7,'Bulk Supplements','BLK SUP',1,'2024-08-19 20:17:36.000000','2024-08-19 20:17:36.000000'),(14,8,'Cambridge Commodities','CAM COM',1,'2024-08-19 20:17:36.000000','2024-08-19 20:17:36.000000'),(15,9,'Ecuadorian Rainforest','ER',1,'2024-08-19 20:17:36.000000','2024-08-19 20:17:36.000000'),(16,9,'Ecuadorian','ER',0,'2024-08-19 20:17:36.000000','2024-08-19 20:17:36.000000'),(17,10,'Daesang','DAESN',1,'2024-08-19 20:17:36.000000','2024-08-19 20:17:36.000000'),(18,11,'High Quality Organics','HQO',1,'2024-08-19 20:17:36.000000','2024-08-19 20:17:36.000000'),(19,12,'Honeyville Inc.','HONVL',1,'2024-08-19 20:17:36.000000','2024-08-19 20:17:36.000000'),(20,12,'Honeyville','HONVL',0,'2024-08-19 20:17:36.000000','2024-08-19 20:17:36.000000'),(21,13,'Hunan Nutramax Inc','H NUTA',1,'2024-08-19 20:17:36.000000','2024-08-19 20:17:36.000000'),(22,13,'Hunan Nutramax','H NUTA',0,'2024-08-19 20:17:36.000000','2024-08-19 20:17:36.000000'),(23,13,'Nutramax','H NUTA',0,'2024-08-19 20:17:36.000000','2024-08-19 20:17:36.000000'),(24,14,'Liberty Natural','LN',1,'2024-08-19 20:17:36.000000','2024-08-19 20:17:36.000000'),(25,15,'LiquaDry','LD',1,'2024-08-19 20:17:36.000000','2024-08-19 20:17:36.000000'),(26,16,'LOOV Organic','LOOV',1,'2024-08-19 20:17:36.000000','2024-08-19 20:17:36.000000'),(27,16,'LOOV','LOOV',0,'2024-08-19 20:17:36.000000','2024-08-19 20:17:36.000000'),(28,17,'Nature\'s Flavors','NAT FLA',1,'2024-08-19 20:17:36.000000','2024-08-19 20:17:36.000000'),(29,18,'Nature\'s Power Nutraceuticals Corp. dba NP Nutra','NPN',1,'2024-08-19 20:17:36.000000','2024-08-19 20:17:36.000000'),(30,18,'NP Nutra','NPN',0,'2024-08-19 20:17:36.000000','2024-08-19 20:17:36.000000'),(31,18,'Nutraceuticals','NPN',0,'2024-08-19 20:17:36.000000','2024-08-19 20:17:36.000000'),(32,19,'Nexira International S.A.S.','N',1,'2024-08-19 20:17:36.000000','2024-08-19 20:17:36.000000'),(33,20,'North American Reishi Ltd. DBA Nammex','NAR',1,'2024-08-19 20:17:36.000000','2024-08-19 20:17:36.000000'),(34,21,'Om Foods Inc (Essential Organics)','OF',1,'2024-08-19 20:17:36.000000','2024-08-19 20:17:36.000000'),(35,21,'Essential Organics','ESEN ORG',0,'2024-08-19 20:17:36.000000','2024-08-19 20:17:36.000000'),(36,22,'Pacific Botanicals Holding LLC','PAC BOT',1,'2024-08-19 20:17:36.000000','2024-08-19 20:17:36.000000'),(37,22,'Pacific Botanicals','PAC BOT',0,'2024-08-19 20:17:36.000000','2024-08-19 20:17:36.000000'),(38,23,'Prescribed for Life','PFL',1,'2024-08-19 20:17:36.000000','2024-08-19 20:17:36.000000'),(39,23,'Prescribed 4 life','PFL',0,'2024-08-19 20:17:36.000000','2024-08-19 20:17:36.000000'),(40,24,'Pure Bulk','PUR BLK',1,'2024-08-19 20:17:36.000000','2024-08-19 20:17:36.000000'),(41,25,'Specialty Enzymes E&P','SE',1,'2024-08-19 20:17:36.000000','2024-08-19 20:17:36.000000'),(42,25,'Specialty E+P','SE',0,'2024-08-19 20:17:36.000000','2024-08-19 20:17:36.000000'),(43,26,'The Australian Superfood Co.','AS',1,'2024-08-19 20:17:36.000000','2024-08-19 20:17:36.000000'),(44,26,'Australian Superfood','AS',0,'2024-08-19 20:17:36.000000','2024-08-19 20:17:36.000000'),(45,27,'To Your Health Sprouted Flour Co.','TYH',1,'2024-08-19 20:17:36.000000','2024-08-19 20:17:36.000000'),(46,27,'To Your Health','TYH',0,'2024-08-19 20:17:36.000000','2024-08-19 20:17:36.000000'),(47,28,'Unichem Enterprises','UNICHM',1,'2024-08-19 20:17:36.000000','2024-08-19 20:17:36.000000'),(48,28,'Unichem','UNICHM',0,'2024-08-19 20:17:36.000000','2024-08-19 20:17:36.000000'),(49,29,'Whole Herb Company','WHOL HRB',1,'2024-08-19 20:17:36.000000','2024-08-19 20:17:36.000000'),(50,29,'Whole Herb','WHOL HRB',0,'2024-08-19 20:17:36.000000','2024-08-19 20:17:36.000000'),(51,30,'Zhejiang Biosan Biotech Co.,Ltd','BIOSN',1,'2024-08-19 20:17:36.000000','2024-08-19 20:17:36.000000'),(52,30,'Biosan','BIOSN',0,'2024-08-19 20:17:36.000000','2024-08-19 20:17:36.000000'),(53,31,'Healthway Biotech','HELTHW BIO',1,'2024-08-19 20:17:36.000000','2024-08-19 20:17:36.000000'),(54,31,'Healthway Bio','HELTHW BIO',0,'2024-08-19 20:17:36.000000','2024-08-19 20:17:36.000000'),(55,31,'Xi\'an Healthway Biotech','HELTHW BIO',0,'2024-08-19 20:17:36.000000','2024-08-19 20:17:36.000000'),(56,31,'Healthway','HELTHW BIO',0,'2024-08-19 20:17:36.000000','2024-08-19 20:17:36.000000'),(57,32,'Stryka','STRYKA',1,'2024-08-19 20:17:36.000000','2024-08-19 20:17:36.000000'),(58,33,'Consulting Management','CONS MNG',1,'2024-08-19 20:17:36.000000','2024-08-19 20:17:36.000000'),(59,34,'Enerex','ENEREX',1,'2024-08-19 20:17:36.000000','2024-08-19 20:17:36.000000'),(60,35,'Herbally Grounded','HERB GRND',1,'2024-08-19 20:17:36.000000','2024-08-19 20:17:36.000000'),(61,35,'Herb Garden','HERB GRND',0,'2024-08-19 20:17:36.000000','2024-08-19 20:17:36.000000'),(62,36,'Holistic Earth Supplements','HES',1,'2024-08-19 20:17:36.000000','2024-08-19 20:17:36.000000'),(63,36,'Holistic Earth','HES',0,'2024-08-19 20:17:36.000000','2024-08-19 20:17:36.000000'),(64,37,'Immune Solution','IS',1,'2024-08-19 20:17:36.000000','2024-08-19 20:17:36.000000'),(65,38,'Maju Superfoods','MAJU',1,'2024-08-19 20:17:36.000000','2024-08-19 20:17:36.000000'),(66,38,'Maju','MAJU',0,'2024-08-19 20:17:36.000000','2024-08-19 20:17:36.000000'),(67,39,'Markus Rothkranz','MRKUS',0,'2024-08-19 20:17:36.000000','2024-08-19 20:17:36.000000'),(68,39,'Markus','MRKUS',1,'2024-08-19 20:17:36.000000','2024-08-19 20:17:36.000000'),(69,40,'Makes3Organics','M3O',1,'2024-08-19 20:17:36.000000','2024-08-19 20:17:36.000000'),(70,40,'Petsmont','M3O',0,'2024-08-19 20:17:36.000000','2024-08-19 20:17:36.000000'),(71,41,'Revelation Health','RH',1,'2024-08-19 20:17:36.000000','2024-08-19 20:17:36.000000'),(72,41,'Safer Medical','SAF MED',0,'2024-08-19 20:17:36.000000','2024-08-19 20:17:36.000000'),(73,42,'Vita-myr','VITA MYR',1,'2024-08-19 20:17:36.000000','2024-08-19 20:17:36.000000'),(74,43,'KN Life-Biotics','KN LIF BIO',1,'2024-08-19 20:17:36.000000','2024-08-19 20:17:36.000000'),(75,43,'Life-Biotics','KN LIF BIO',0,'2024-08-19 20:17:36.000000','2024-08-19 20:17:36.000000'),(76,44,'Balance of Nature','BON',1,'2024-08-19 20:17:36.000000','2024-08-19 20:17:36.000000'),(77,45,'Natrual Approch Nutrition','NAN',1,'2024-08-19 20:17:36.000000','2024-08-19 20:17:36.000000'),(78,45,'NAN Health','NAN',0,'2024-08-19 20:17:36.000000','2024-08-19 20:17:36.000000'),(79,46,'Tranont','TRANONT',1,'2024-08-19 20:17:36.000000','2024-08-19 20:17:36.000000'),(80,46,'Mana Life','TRANONT',0,'2024-08-19 20:17:36.000000','2024-08-19 20:17:36.000000'),(81,47,'Bloomfield Roots','BLOM RTS',1,'2024-08-19 20:17:36.000000','2024-08-19 20:17:36.000000'),(82,48,'AG Commodities','AG COM',1,'2024-08-19 20:17:36.000000','2024-08-19 20:17:36.000000'),(83,49,'AIDP','AIDP',1,'2024-08-19 20:17:36.000000','2024-08-19 20:17:36.000000'),(84,50,'Albion','ALB',1,'2024-08-19 20:17:36.000000','2024-08-19 20:17:36.000000'),(85,51,'Alpha Naturals','ALPHA N',1,'2024-08-19 20:17:36.000000','2024-08-19 20:17:36.000000'),(86,52,'Altaiga','ALTAI',1,'2024-08-19 20:17:36.000000','2024-08-19 20:17:36.000000'),(87,53,'Altalena','ALTAL',1,'2024-08-19 20:17:36.000000','2024-08-19 20:17:36.000000'),(88,54,'American Botanicals','AMER BOT',1,'2024-08-19 20:17:36.000000','2024-08-19 20:17:36.000000'),(89,55,'American Lecithin Company','AMER LE',1,'2024-08-19 20:17:36.000000','2024-08-19 20:17:36.000000'),(90,56,'Ameriherb','AMER HRB',1,'2024-08-19 20:17:36.000000','2024-08-19 20:17:36.000000'),(91,57,'Aminature','AMIN',1,'2024-08-19 20:17:36.000000','2024-08-19 20:17:36.000000'),(92,58,'Anchor','ANCH',1,'2024-08-19 20:17:36.000000','2024-08-19 20:17:36.000000'),(93,59,'Anhui Sealong Bio','ANHUI',1,'2024-08-19 20:17:36.000000','2024-08-19 20:17:36.000000'),(94,60,'APP Global','APP GL',1,'2024-08-19 20:17:36.000000','2024-08-19 20:17:36.000000'),(95,61,'Aroma Depot','AROMA',1,'2024-08-19 20:17:36.000000','2024-08-19 20:17:36.000000'),(96,62,'Austrade','AUST',1,'2024-08-19 20:17:36.000000','2024-08-19 20:17:36.000000'),(97,63,'Aviva','AVIVA',1,'2024-08-19 20:17:36.000000','2024-08-19 20:17:36.000000'),(98,64,'Balchem','BAL CH',1,'2024-08-19 20:17:36.000000','2024-08-19 20:17:36.000000'),(99,65,'Baobab Foods','BAOBAB',1,'2024-08-19 20:17:36.000000','2024-08-19 20:17:36.000000'),(100,66,'Baolingbao Bio Co Ltd','BAOLIN',1,'2024-08-19 20:17:36.000000','2024-08-19 20:17:36.000000'),(101,67,'Bio-Gen','BIOGEN',1,'2024-08-19 20:17:36.000000','2024-08-19 20:17:36.000000'),(102,68,'Bioresponse','BIORES',1,'2024-08-19 20:17:36.000000','2024-08-19 20:17:36.000000'),(103,69,'Black Earth','BEARTH',1,'2024-08-19 20:17:36.000000','2024-08-19 20:17:36.000000'),(104,70,'Blue Mountain','BLU MNT',1,'2024-08-19 20:17:36.000000','2024-08-19 20:17:36.000000'),(105,71,'Box Nutra Maxsun Industries','BOX NUTRA',1,'2024-08-19 20:17:36.000000','2024-08-19 20:17:36.000000'),(106,72,'Bulk Foods','BLK FOODS',1,'2024-08-19 20:17:36.000000','2024-08-19 20:17:36.000000'),(107,73,'Bulkeez','BULKEEZ',1,'2024-08-19 20:17:36.000000','2024-08-19 20:17:36.000000'),(108,74,'CarGill','CARGILL',1,'2024-08-19 20:17:36.000000','2024-08-19 20:17:36.000000'),(109,75,'Changsha HuaKang Bio','CHANG',1,'2024-08-19 20:17:36.000000','2024-08-19 20:17:36.000000'),(110,76,'CI Inc','CL INC',1,'2024-08-19 20:17:36.000000','2024-08-19 20:17:36.000000'),(111,77,'Cypress','CYPRS',1,'2024-08-19 20:17:36.000000','2024-08-19 20:17:36.000000'),(112,78,'diatomaceousearth.com','DIAO',1,'2024-08-19 20:17:36.000000','2024-08-19 20:17:36.000000'),(113,79,'DNP International','DNPI',1,'2024-08-19 20:17:36.000000','2024-08-19 20:17:36.000000'),(114,80,'DolCas Biotech','DOLCAS',1,'2024-08-19 20:17:36.000000','2024-08-19 20:17:36.000000'),(115,81,'Dongguan','DONG',1,'2024-08-19 20:17:36.000000','2024-08-19 20:17:36.000000'),(116,82,'Earthrise','ERTH RIS',1,'2024-08-19 20:17:36.000000','2024-08-19 20:17:36.000000'),(117,83,'Elite Ingredients','ELITE ING',1,'2024-08-19 20:17:36.000000','2024-08-19 20:17:36.000000'),(118,84,'Flora Aromatics','FLORA',1,'2024-08-19 20:17:36.000000','2024-08-19 20:17:36.000000'),(119,85,'Fying','FLYING',1,'2024-08-19 20:17:36.000000','2024-08-19 20:17:36.000000'),(120,86,'GeroNova Innovations','GERO NOVA',1,'2024-08-19 20:17:36.000000','2024-08-19 20:17:36.000000'),(121,87,'Ginco','GINCO',1,'2024-08-19 20:17:36.000000','2024-08-19 20:17:36.000000'),(122,88,'Glory Bee','GLORY B',1,'2024-08-19 20:17:36.000000','2024-08-19 20:17:36.000000'),(123,89,'Gold Coast','GLD CST',1,'2024-08-19 20:17:36.000000','2024-08-19 20:17:36.000000'),(124,90,'Gourmet Mushroom','GOR MUSH',1,'2024-08-19 20:17:36.000000','2024-08-19 20:17:36.000000'),(125,91,'Green Source Organic','GRN S ORG',1,'2024-08-19 20:17:36.000000','2024-08-19 20:17:36.000000'),(126,92,'Green Wave Ingredients','GRN W ING',1,'2024-08-19 20:17:36.000000','2024-08-19 20:17:36.000000'),(127,93,'Greenjeeva','GRN JEVA',1,'2024-08-19 20:17:36.000000','2024-08-19 20:17:36.000000'),(128,94,'GTX Technologies','GTX TCH',1,'2024-08-19 20:17:36.000000','2024-08-19 20:17:36.000000'),(129,95,'Hand Ground','HND GRND',1,'2024-08-19 20:17:36.000000','2024-08-19 20:17:36.000000'),(130,96,'Harmony Concepts','HARM C',1,'2024-08-19 20:17:36.000000','2024-08-19 20:17:36.000000'),(131,97,'Health Tech','HELTH TCH',1,'2024-08-19 20:17:36.000000','2024-08-19 20:17:36.000000'),(132,98,'Heartland Flax','HART FLAX',1,'2024-08-19 20:17:36.000000','2024-08-19 20:17:36.000000'),(133,99,'Hebei Changhao','HEBEI C',1,'2024-08-19 20:17:36.000000','2024-08-19 20:17:36.000000'),(134,100,'Hebei Huaheng','HEBEI H',1,'2024-08-19 20:17:36.000000','2024-08-19 20:17:36.000000'),(135,101,'Herb Green Health','HRB GRN H',1,'2024-08-19 20:17:36.000000','2024-08-19 20:17:36.000000'),(136,102,'Hong Hao','HONG HAO',1,'2024-08-19 20:17:36.000000','2024-08-19 20:17:36.000000'),(137,103,'Hubei Grand Life Science','HUBEI G',1,'2024-08-19 20:17:36.000000','2024-08-19 20:17:36.000000'),(138,104,'Hunan Essence','HUNAN ESN',1,'2024-08-19 20:17:36.000000','2024-08-19 20:17:36.000000'),(139,105,'Imaherb','IMA HRB',1,'2024-08-19 20:17:36.000000','2024-08-19 20:17:36.000000'),(140,106,'IN Ingredients','IN ING',1,'2024-08-19 20:17:36.000000','2024-08-19 20:17:36.000000'),(141,107,'Ingredients Online','ING ONL',1,'2024-08-19 20:17:36.000000','2024-08-19 20:17:36.000000'),(142,108,'Innomark','INOMRK',1,'2024-08-19 20:17:36.000000','2024-08-19 20:17:36.000000'),(143,109,'Inter Naturales','INT NAT',1,'2024-08-19 20:17:36.000000','2024-08-19 20:17:36.000000'),(144,110,'Jiangsu Jiushoutang','JINGSU',1,'2024-08-19 20:17:36.000000','2024-08-19 20:17:36.000000'),(145,111,'JianGxi Tianxin','JIANGXI',1,'2024-08-19 20:17:36.000000','2024-08-19 20:17:36.000000'),(146,112,'Jinan Asia Pharmaceutical','JINAN',1,'2024-08-19 20:17:36.000000','2024-08-19 20:17:36.000000'),(147,113,'JoMar Labs','JOMAR LB',1,'2024-08-19 20:17:36.000000','2024-08-19 20:17:36.000000'),(148,114,'Jubliant Ingrevia','JUBL ING',1,'2024-08-19 20:17:36.000000','2024-08-19 20:17:36.000000'),(149,115,'King-Year Bio','KING-YR',1,'2024-08-19 20:17:36.000000','2024-08-19 20:17:36.000000'),(150,116,'KN Bioscience','KN BIO',1,'2024-08-19 20:17:36.000000','2024-08-19 20:17:36.000000'),(151,117,'Konoshima Chemical','KONOS',1,'2024-08-19 20:17:36.000000','2024-08-19 20:17:36.000000'),(152,118,'Lakanto','LAKANTO',1,'2024-08-19 20:17:36.000000','2024-08-19 20:17:36.000000'),(153,119,'Lallemand','LALMND',1,'2024-08-19 20:17:36.000000','2024-08-19 20:17:36.000000'),(154,120,'Le-Sen Biotech','LE-SEN',1,'2024-08-19 20:17:36.000000','2024-08-19 20:17:36.000000'),(155,121,'Lin-he','LIN-HE',1,'2024-08-19 20:17:36.000000','2024-08-19 20:17:36.000000'),(156,122,'Live Earth','LIVE ERTH',1,'2024-08-19 20:17:36.000000','2024-08-19 20:17:36.000000'),(157,123,'Longze Bio','LONGZE',1,'2024-08-19 20:17:36.000000','2024-08-19 20:17:36.000000'),(158,124,'Lycored','LYCORD',1,'2024-08-19 20:17:36.000000','2024-08-19 20:17:36.000000'),(159,125,'Monterey Bay','MONT BAY',1,'2024-08-19 20:17:36.000000','2024-08-19 20:17:36.000000'),(160,126,'Mountain Rose','MNT ROSE',1,'2024-08-19 20:17:36.000000','2024-08-19 20:17:36.000000'),(161,127,'Murray cevticals','MUR CEV',1,'2024-08-19 20:17:36.000000','2024-08-19 20:17:36.000000'),(162,128,'Mushroom Harvest','MUSH HAR',1,'2024-08-19 20:17:36.000000','2024-08-19 20:17:36.000000'),(163,129,'Nammex','NAMEX',1,'2024-08-19 20:17:36.000000','2024-08-19 20:17:36.000000'),(164,130,'National Enzyme Co.','NAT ENZY',1,'2024-08-19 20:17:36.000000','2024-08-19 20:17:36.000000'),(165,131,'Natreon','NATRON',1,'2024-08-19 20:17:36.000000','2024-08-19 20:17:36.000000'),(166,132,'Natural Grocers','NAT GROC',1,'2024-08-19 20:17:36.000000','2024-08-19 20:17:36.000000'),(167,133,'Nature Vibe','NAT VIBE',1,'2024-08-19 20:17:36.000000','2024-08-19 20:17:36.000000'),(168,134,'Nature\'s Harvest International','NHI',1,'2024-08-19 20:17:36.000000','2024-08-19 20:17:36.000000'),(169,135,'Natures\'s Harvest International','NHI',1,'2024-08-19 20:17:36.000000','2024-08-19 20:17:36.000000'),(170,136,'Naturex','NAT X',1,'2024-08-19 20:17:36.000000','2024-08-19 20:17:36.000000'),(171,137,'NB Foods','NB FOOD',1,'2024-08-19 20:17:36.000000','2024-08-19 20:17:36.000000'),(172,138,'Ningbo Herb','NINGBO',1,'2024-08-19 20:17:36.000000','2024-08-19 20:17:36.000000'),(173,139,'Northe','NORTHE',1,'2024-08-19 20:17:36.000000','2024-08-19 20:17:36.000000'),(174,140,'Novel Nutrients','NOVL NUT',1,'2024-08-19 20:17:36.000000','2024-08-19 20:17:36.000000'),(175,141,'Novotech Nutraceuticals','NOVO TCH',1,'2024-08-19 20:17:36.000000','2024-08-19 20:17:36.000000'),(176,142,'Now Foods','NOW FOOD',1,'2024-08-19 20:17:36.000000','2024-08-19 20:17:36.000000'),(177,143,'Nuherbs','NU HRB',1,'2024-08-19 20:17:36.000000','2024-08-19 20:17:36.000000'),(178,144,'Nura','NURA',1,'2024-08-19 20:17:36.000000','2024-08-19 20:17:36.000000'),(179,145,'Nutrafood','NUTR FOOD',1,'2024-08-19 20:17:36.000000','2024-08-19 20:17:36.000000'),(180,146,'Nutri Vita','NUTRI VITA',1,'2024-08-19 20:17:36.000000','2024-08-19 20:17:36.000000'),(181,147,'Nutricargo','NUT CAR',1,'2024-08-19 20:17:36.000000','2024-08-19 20:17:36.000000'),(182,148,'Nutrient Innovations','NUT INOV',1,'2024-08-19 20:17:36.000000','2024-08-19 20:17:36.000000'),(183,149,'Nutriland','NUT LND',1,'2024-08-19 20:17:36.000000','2024-08-19 20:17:36.000000'),(184,150,'Nutrisol Solutions','NUT SOL',1,'2024-08-19 20:17:36.000000','2024-08-19 20:17:36.000000'),(185,151,'Nuts.com','NUTS',1,'2024-08-19 20:17:36.000000','2024-08-19 20:17:36.000000'),(186,152,'OH Nuts','OH NUT',1,'2024-08-19 20:17:36.000000','2024-08-19 20:17:36.000000'),(187,153,'Orcas Naturals','ORCAS',1,'2024-08-19 20:17:36.000000','2024-08-19 20:17:36.000000'),(188,154,'Orgenetics','ORG',1,'2024-08-19 20:17:36.000000','2024-08-19 20:17:36.000000'),(189,155,'Parashaunt','PAR SHNT',1,'2024-08-19 20:17:36.000000','2024-08-19 20:17:36.000000'),(190,156,'Pioneer','PIONEER',1,'2024-08-19 20:17:36.000000','2024-08-19 20:17:36.000000'),(191,157,'PNI','PNI',1,'2024-08-19 20:17:36.000000','2024-08-19 20:17:36.000000'),(192,158,'ProNatrual','PRO NAT',1,'2024-08-19 20:17:36.000000','2024-08-19 20:17:36.000000'),(193,159,'PurCaf','PUR CAF',1,'2024-08-19 20:17:36.000000','2024-08-19 20:17:36.000000'),(194,160,'Pure Assay','PURE ASY',1,'2024-08-19 20:17:36.000000','2024-08-19 20:17:36.000000'),(195,161,'Qimei Industrial','QIM IND',1,'2024-08-19 20:17:36.000000','2024-08-19 20:17:36.000000'),(196,162,'Raw Power','RAW PWR',1,'2024-08-19 20:17:36.000000','2024-08-19 20:17:36.000000'),(197,163,'RDV','RDV',1,'2024-08-19 20:17:36.000000','2024-08-19 20:17:36.000000'),(198,164,'Redmond','RED MD',1,'2024-08-19 20:17:36.000000','2024-08-19 20:17:36.000000'),(199,165,'Rice Bran Technologies','RICE BRN',1,'2024-08-19 20:17:36.000000','2024-08-19 20:17:36.000000'),(200,166,'Rice Plus','RICE +',1,'2024-08-19 20:17:36.000000','2024-08-19 20:17:36.000000'),(201,167,'Ringing Cedar','RING CED',1,'2024-08-19 20:17:36.000000','2024-08-19 20:17:36.000000'),(202,168,'Rya Foods','RYA FOOD',1,'2024-08-19 20:17:36.000000','2024-08-19 20:17:36.000000'),(203,169,'SA Herbal','SA HRB',1,'2024-08-19 20:17:36.000000','2024-08-19 20:17:36.000000'),(204,170,'SA Retail','SA RET',1,'2024-08-19 20:17:36.000000','2024-08-19 20:17:36.000000'),(205,171,'Saherbal','SAH',1,'2024-08-19 20:17:36.000000','2024-08-19 20:17:36.000000'),(206,172,'San Francisco Herb Co','SAN F HRB',1,'2024-08-19 20:17:36.000000','2024-08-19 20:17:36.000000'),(207,173,'Sandong Aocter','SAN AOCT',1,'2024-08-19 20:17:36.000000','2024-08-19 20:17:36.000000'),(208,174,'Saw Palmetto Florida','SAW PAL',1,'2024-08-19 20:17:36.000000','2024-08-19 20:17:36.000000'),(209,175,'Segment','SEGMENT',1,'2024-08-19 20:17:36.000000','2024-08-19 20:17:36.000000'),(210,176,'Shandong Tianli Pharmaceutical','SHAND PHRM',1,'2024-08-19 20:17:36.000000','2024-08-19 20:17:36.000000'),(211,177,'Shining Seas','SHIN SEA',1,'2024-08-19 20:17:36.000000','2024-08-19 20:17:36.000000'),(212,178,'Shuangta Food','SHU FOOD',1,'2024-08-19 20:17:36.000000','2024-08-19 20:17:36.000000'),(213,179,'Shuguang','SHUGA',1,'2024-08-19 20:17:36.000000','2024-08-19 20:17:36.000000'),(214,180,'Siberian Green','SIBER GRN',1,'2024-08-19 20:17:36.000000','2024-08-19 20:17:36.000000'),(215,181,'Silva','SILVA',1,'2024-08-19 20:17:36.000000','2024-08-19 20:17:36.000000'),(216,182,'Skystone Feed','SKY STN',1,'2024-08-19 20:17:36.000000','2024-08-19 20:17:36.000000'),(217,183,'Skystone Pharm','SKY S PHRM',1,'2024-08-19 20:17:36.000000','2024-08-19 20:17:36.000000'),(218,184,'Small Town Specialties','SML TN SPC',1,'2024-08-19 20:17:36.000000','2024-08-19 20:17:36.000000'),(219,185,'Starwest Botanicals','STARWEST',1,'2024-08-19 20:17:36.000000','2024-08-19 20:17:36.000000'),(220,186,'Swanson','SWANS',1,'2024-08-19 20:17:36.000000','2024-08-19 20:17:36.000000'),(221,187,'Synergized','SYNERG',1,'2024-08-19 20:17:36.000000','2024-08-19 20:17:36.000000'),(222,188,'Talya','TALYA',1,'2024-08-19 20:17:36.000000','2024-08-19 20:17:36.000000'),(223,189,'Teng Yun','TENG Y',1,'2024-08-19 20:17:36.000000','2024-08-19 20:17:36.000000'),(224,190,'TheraPlantes','THRA PLNT',1,'2024-08-19 20:17:36.000000','2024-08-19 20:17:36.000000'),(225,191,'Tianhua Pharmacy','TIAN PHRM',1,'2024-08-19 20:17:36.000000','2024-08-19 20:17:36.000000'),(226,192,'TruHerb','TRU HRB',1,'2024-08-19 20:17:36.000000','2024-08-19 20:17:36.000000'),(227,193,'Urmi Lifesciences','URMI LF',1,'2024-08-19 20:17:36.000000','2024-08-19 20:17:36.000000'),(228,194,'USGreens','US GRN',1,'2024-08-19 20:17:36.000000','2024-08-19 20:17:36.000000'),(229,195,'Valensa','VALENSA',1,'2024-08-19 20:17:36.000000','2024-08-19 20:17:36.000000'),(230,196,'Van Drunen','VAN DRU',1,'2024-08-19 20:17:36.000000','2024-08-19 20:17:36.000000'),(231,197,'Venkatesh','VENKAT',1,'2024-08-19 20:17:36.000000','2024-08-19 20:17:36.000000'),(232,198,'VitaJoy','VITA JOY',1,'2024-08-19 20:17:36.000000','2024-08-19 20:17:36.000000'),(233,199,'VitaminSea','VIT SEA',1,'2024-08-19 20:17:36.000000','2024-08-19 20:17:36.000000'),(234,200,'Vivion','VIVION',1,'2024-08-19 20:17:36.000000','2024-08-19 20:17:36.000000'),(235,201,'Wonderful Herb','WND HRB',1,'2024-08-19 20:17:36.000000','2024-08-19 20:17:36.000000'),(236,202,'Wuhan Grand Hoyo','WUHN GRND',1,'2024-08-19 20:17:36.000000','2024-08-19 20:17:36.000000'),(237,203,'Xi\'an Dealing Biotechnology','XIAN DEAL',1,'2024-08-19 20:17:36.000000','2024-08-19 20:17:36.000000'),(238,204,'Yosin Bio','YOSIN',1,'2024-08-19 20:17:36.000000','2024-08-19 20:17:36.000000'),(239,205,'Z Natural Foods','Z NAT',1,'2024-08-19 20:17:36.000000','2024-08-19 20:17:36.000000'),(240,206,'ZHT Sci-Tech','ZHT TCH',1,'2024-08-19 20:17:36.000000','2024-08-19 20:17:36.000000'),(241,207,'Alpha','ALPHA',1,'2024-08-19 20:17:36.000000','2024-08-19 20:17:36.000000'),(242,208,'Bright Pharma','BRT PHRM',1,'2024-08-19 20:17:36.000000','2024-08-19 20:17:36.000000'),(243,209,'Canyon Plastics','CANY PLST',1,'2024-08-19 20:17:36.000000','2024-08-19 20:17:36.000000'),(244,210,'Carolina','CARLINA',1,'2024-08-19 20:17:36.000000','2024-08-19 20:17:36.000000'),(245,211,'Comar','COMAR',1,'2024-08-19 20:17:36.000000','2024-08-19 20:17:36.000000'),(246,212,'Consolidated Design','CONS DES',1,'2024-08-19 20:17:36.000000','2024-08-19 20:17:36.000000'),(247,213,'Desiccare','DESICAR',1,'2024-08-19 20:17:36.000000','2024-08-19 20:17:36.000000'),(248,214,'Industrial Container','INDS CONT',1,'2024-08-19 20:17:36.000000','2024-08-19 20:17:36.000000'),(249,215,'Keystone Corp.','KEYSTN',1,'2024-08-19 20:17:36.000000','2024-08-19 20:17:36.000000'),(250,216,'MeasureX','MEAS X',1,'2024-08-19 20:17:36.000000','2024-08-19 20:17:36.000000'),(251,217,'Mold-Rite Plastics','MOLD R PL',1,'2024-08-19 20:17:36.000000','2024-08-19 20:17:36.000000'),(252,218,'National Measures','NAT MEAS',1,'2024-08-19 20:17:36.000000','2024-08-19 20:17:36.000000'),(253,219,'Performance Dry','PREF DRY',1,'2024-08-19 20:17:36.000000','2024-08-19 20:17:36.000000'),(254,220,'Phoenix','PHOENIX',1,'2024-08-19 20:17:36.000000','2024-08-19 20:17:36.000000'),(255,221,'PSPrint','PSPRNT',1,'2024-08-19 20:17:36.000000','2024-08-19 20:17:36.000000'),(256,222,'Rieke','RIEKE',1,'2024-08-19 20:17:36.000000','2024-08-19 20:17:36.000000'),(257,223,'Silver Spur Corp.','SILV SPUR',1,'2024-08-19 20:17:36.000000','2024-08-19 20:17:36.000000'),(258,224,'Sonic Plastic','SONIC PL',1,'2024-08-19 20:17:36.000000','2024-08-19 20:17:36.000000'),(259,225,'Super Shrink','SUPER SH',1,'2024-08-19 20:17:36.000000','2024-08-19 20:17:36.000000'),(260,226,'Total Label USA','TOTAL LBL',1,'2024-08-19 20:17:36.000000','2024-08-19 20:17:36.000000'),(261,227,'Uline','ULINE',1,'2024-08-19 20:17:36.000000','2024-08-19 20:17:36.000000'),(262,228,'Visible','VISBL',1,'2024-08-19 20:17:36.000000','2024-08-19 20:17:36.000000'),(263,229,'Dolce Superfoods','DOLCE',1,'2024-08-19 20:17:36.000000','2024-08-19 20:17:36.000000'),(264,230,'Dolce Superfoods','DOLCE',1,'2024-08-19 20:17:36.000000','2024-08-19 20:17:36.000000'),(265,231,'Dolce Superfoods','DOLCE',1,'2024-08-19 20:17:36.000000','2024-08-19 20:17:36.000000');
/*!40000 ALTER TABLE `Organization_Names` ENABLE KEYS */;
UNLOCK TABLES;

--
-- Table structure for table `Organizations`
--

DROP TABLE IF EXISTS `Organizations`;
/*!40101 SET @saved_cs_client     = @@character_set_client */;
/*!50503 SET character_set_client = utf8mb4 */;
CREATE TABLE `Organizations` (
  `organization_id` int(10) unsigned NOT NULL AUTO_INCREMENT,
  `website_url` varchar(200) DEFAULT NULL,
  `vetted` tinyint(1) DEFAULT NULL,
  `date_vetted` date DEFAULT NULL,
  `risk_level` enum('UNKNOWN','No_Risk','Low_Risk','Medium_Risk','High_Risk') DEFAULT NULL,
  `supplier` tinyint(1) DEFAULT 0,
  `client` tinyint(1) DEFAULT 0,
  `lab` tinyint(1) DEFAULT 0,
  `courier` tinyint(1) DEFAULT 0,
  `other` tinyint(1) DEFAULT 0,
  `doc` longtext CHARACTER SET utf8mb4 COLLATE utf8mb4_bin DEFAULT NULL CHECK (json_valid(`doc`)),
  `notes` varchar(2500) DEFAULT NULL,
  `primary_name_id` int(10) unsigned DEFAULT NULL,
  `timestamp_entered` timestamp(6) NOT NULL DEFAULT current_timestamp(6),
  `timestamp_modified` timestamp(6) NOT NULL DEFAULT current_timestamp(6) ON UPDATE current_timestamp(6),
  PRIMARY KEY (`organization_id`)
) ENGINE=InnoDB AUTO_INCREMENT=232 DEFAULT CHARSET=utf8mb4 COLLATE=utf8mb4_general_ci;
/*!40101 SET character_set_client = @saved_cs_client */;

--
-- Dumping data for table `Organizations`
--

LOCK TABLES `Organizations` WRITE;
/*!40000 ALTER TABLE `Organizations` DISABLE KEYS */;
INSERT INTO `Organizations` VALUES (1,'www.prolifixnutrition.com',1,NULL,'No_Risk',1,1,0,0,0,'{\"documents\": [], \"current_supplier_risk_assesment_id\": null, \"current_lab_risk_assessment_id\": null, \"current_client_risk_assessment_id\": null, \"current_courier_risk_assessment_id\": null, \"current_other_risk_assessment_id\": null, \"supplier_risk_assessments\": [], \"lab_risk_assessments\": [], \"client_risk_assessments\": [], \"courier_risk_assessments\": [], \"other_risk_assessments\": []}',NULL,1,'2024-08-19 20:17:36.000000','2024-08-19 20:17:36.000000'),(2,'balchem.com',0,'2022-02-17','Low_Risk',0,0,1,0,0,'{\"documents\": [], \"current_supplier_risk_assesment_id\": null, \"current_lab_risk_assessment_id\": null, \"current_client_risk_assessment_id\": null, \"current_courier_risk_assessment_id\": null, \"current_other_risk_assessment_id\": null, \"supplier_risk_assessments\": [], \"lab_risk_assessments\": [], \"client_risk_assessments\": [], \"courier_risk_assessments\": [], \"other_risk_assessments\": []}','Data from survey',3,'2024-08-19 20:17:36.000000','2024-08-19 20:17:36.000000'),(3,'https://alohamedicinals.com/',0,'2022-01-19','Low_Risk',1,0,0,0,0,'{\"documents\": [], \"current_supplier_risk_assesment_id\": null, \"current_lab_risk_assessment_id\": null, \"current_client_risk_assessment_id\": null, \"current_courier_risk_assessment_id\": null, \"current_other_risk_assessment_id\": null, \"supplier_risk_assessments\": [], \"lab_risk_assessments\": [], \"client_risk_assessments\": [], \"courier_risk_assessments\": [], \"other_risk_assessments\": []}','Data from survey',5,'2024-08-19 20:17:36.000000','2024-08-19 20:17:36.000000'),(4,'www.aunutra.com',0,'2022-02-09','Low_Risk',1,0,0,0,0,'{\"documents\": [], \"current_supplier_risk_assesment_id\": null, \"current_lab_risk_assessment_id\": null, \"current_client_risk_assessment_id\": null, \"current_courier_risk_assessment_id\": null, \"current_other_risk_assessment_id\": null, \"supplier_risk_assessments\": [], \"lab_risk_assessments\": [], \"client_risk_assessments\": [], \"courier_risk_assessments\": [], \"other_risk_assessments\": []}','Data from survey',6,'2024-08-19 20:17:36.000000','2024-08-19 20:17:36.000000'),(5,'https://www.azurestandard.com/',0,'2022-02-22','High_Risk',1,0,0,0,0,'{\"documents\": [], \"current_supplier_risk_assesment_id\": null, \"current_lab_risk_assessment_id\": null, \"current_client_risk_assessment_id\": null, \"current_courier_risk_assessment_id\": null, \"current_other_risk_assessment_id\": null, \"supplier_risk_assessments\": [], \"lab_risk_assessments\": [], \"client_risk_assessments\": [], \"courier_risk_assessments\": [], \"other_risk_assessments\": []}','Data from survey',8,'2024-08-19 20:17:36.000000','2024-08-19 20:17:36.000000'),(6,'allsprouts.com',0,'2022-01-20','Low_Risk',1,0,0,0,0,'{\"documents\": [], \"current_supplier_risk_assesment_id\": null, \"current_lab_risk_assessment_id\": null, \"current_client_risk_assessment_id\": null, \"current_courier_risk_assessment_id\": null, \"current_other_risk_assessment_id\": null, \"supplier_risk_assessments\": [], \"lab_risk_assessments\": [], \"client_risk_assessments\": [], \"courier_risk_assessments\": [], \"other_risk_assessments\": []}','Data from survey',11,'2024-08-19 20:17:36.000000','2024-08-19 20:17:36.000000'),(7,'bulksupplements.com',0,'2022-03-09','Low_Risk',1,0,0,0,0,'{\"documents\": [], \"current_supplier_risk_assesment_id\": null, \"current_lab_risk_assessment_id\": null, \"current_client_risk_assessment_id\": null, \"current_courier_risk_assessment_id\": null, \"current_other_risk_assessment_id\": null, \"supplier_risk_assessments\": [], \"lab_risk_assessments\": [], \"client_risk_assessments\": [], \"courier_risk_assessments\": [], \"other_risk_assessments\": []}','Data from survey',13,'2024-08-19 20:17:36.000000','2024-08-19 20:17:36.000000'),(8,'cambridgecommodities.com',0,'2022-02-23','Low_Risk',1,0,0,0,0,'{\"documents\": [], \"current_supplier_risk_assesment_id\": null, \"current_lab_risk_assessment_id\": null, \"current_client_risk_assessment_id\": null, \"current_courier_risk_assessment_id\": null, \"current_other_risk_assessment_id\": null, \"supplier_risk_assessments\": [], \"lab_risk_assessments\": [], \"client_risk_assessments\": [], \"courier_risk_assessments\": [], \"other_risk_assessments\": []}','Data from survey',14,'2024-08-19 20:17:36.000000','2024-08-19 20:17:36.000000'),(9,'intotherainforest.com',0,'2022-02-25','Low_Risk',1,0,0,0,0,'{\"documents\": [], \"current_supplier_risk_assesment_id\": null, \"current_lab_risk_assessment_id\": null, \"current_client_risk_assessment_id\": null, \"current_courier_risk_assessment_id\": null, \"current_other_risk_assessment_id\": null, \"supplier_risk_assessments\": [], \"lab_risk_assessments\": [], \"client_risk_assessments\": [], \"courier_risk_assessments\": [], \"other_risk_assessments\": []}','Data from survey',15,'2024-08-19 20:17:36.000000','2024-08-19 20:17:36.000000'),(10,'foodtopiausa.com',0,'2022-02-25','Low_Risk',1,0,0,0,0,'{\"documents\": [], \"current_supplier_risk_assesment_id\": null, \"current_lab_risk_assessment_id\": null, \"current_client_risk_assessment_id\": null, \"current_courier_risk_assessment_id\": null, \"current_other_risk_assessment_id\": null, \"supplier_risk_assessments\": [], \"lab_risk_assessments\": [], \"client_risk_assessments\": [], \"courier_risk_assessments\": [], \"other_risk_assessments\": []}','Data from survey',17,'2024-08-19 20:17:36.000000','2024-08-19 20:17:36.000000'),(11,'hqorganics.com',0,'2022-02-22','Low_Risk',1,0,0,0,0,'{\"documents\": [], \"current_supplier_risk_assesment_id\": null, \"current_lab_risk_assessment_id\": null, \"current_client_risk_assessment_id\": null, \"current_courier_risk_assessment_id\": null, \"current_other_risk_assessment_id\": null, \"supplier_risk_assessments\": [], \"lab_risk_assessments\": [], \"client_risk_assessments\": [], \"courier_risk_assessments\": [], \"other_risk_assessments\": []}','Data from survey',18,'2024-08-19 20:17:36.000000','2024-08-19 20:17:36.000000'),(12,'https://honeyville.com/',0,'2022-01-28','Low_Risk',1,0,0,0,0,'{\"documents\": [], \"current_supplier_risk_assesment_id\": null, \"current_lab_risk_assessment_id\": null, \"current_client_risk_assessment_id\": null, \"current_courier_risk_assessment_id\": null, \"current_other_risk_assessment_id\": null, \"supplier_risk_assessments\": [], \"lab_risk_assessments\": [], \"client_risk_assessments\": [], \"courier_risk_assessments\": [], \"other_risk_assessments\": []}','Data from survey',19,'2024-08-19 20:17:36.000000','2024-08-19 20:17:36.000000'),(13,'www.nutra-max.com',0,'2022-01-24','Low_Risk',1,0,0,0,0,'{\"documents\": [], \"current_supplier_risk_assesment_id\": null, \"current_lab_risk_assessment_id\": null, \"current_client_risk_assessment_id\": null, \"current_courier_risk_assessment_id\": null, \"current_other_risk_assessment_id\": null, \"supplier_risk_assessments\": [], \"lab_risk_assessments\": [], \"client_risk_assessments\": [], \"courier_risk_assessments\": [], \"other_risk_assessments\": []}','Data from survey',21,'2024-08-19 20:17:36.000000','2024-08-19 20:17:36.000000'),(14,'Libertynatural.com',0,'2022-03-09','Low_Risk',1,0,0,0,0,'{\"documents\": [], \"current_supplier_risk_assesment_id\": null, \"current_lab_risk_assessment_id\": null, \"current_client_risk_assessment_id\": null, \"current_courier_risk_assessment_id\": null, \"current_other_risk_assessment_id\": null, \"supplier_risk_assessments\": [], \"lab_risk_assessments\": [], \"client_risk_assessments\": [], \"courier_risk_assessments\": [], \"other_risk_assessments\": []}','Data from survey',24,'2024-08-19 20:17:36.000000','2024-08-19 20:17:36.000000'),(15,'LiquaDry.com',0,'2022-01-19','Low_Risk',1,0,0,0,0,'{\"documents\": [], \"current_supplier_risk_assesment_id\": null, \"current_lab_risk_assessment_id\": null, \"current_client_risk_assessment_id\": null, \"current_courier_risk_assessment_id\": null, \"current_other_risk_assessment_id\": null, \"supplier_risk_assessments\": [], \"lab_risk_assessments\": [], \"client_risk_assessments\": [], \"courier_risk_assessments\": [], \"other_risk_assessments\": []}','Data from survey',25,'2024-08-19 20:17:36.000000','2024-08-19 20:17:36.000000'),(16,'loovfood.com',0,'2022-02-21','Low_Risk',1,0,0,0,0,'{\"documents\": [], \"current_supplier_risk_assesment_id\": null, \"current_lab_risk_assessment_id\": null, \"current_client_risk_assessment_id\": null, \"current_courier_risk_assessment_id\": null, \"current_other_risk_assessment_id\": null, \"supplier_risk_assessments\": [], \"lab_risk_assessments\": [], \"client_risk_assessments\": [], \"courier_risk_assessments\": [], \"other_risk_assessments\": []}','Data from survey',26,'2024-08-19 20:17:36.000000','2024-08-19 20:17:36.000000'),(17,'naturesflavors.com',0,'2022-02-21','Low_Risk',1,0,0,0,0,'{\"documents\": [], \"current_supplier_risk_assesment_id\": null, \"current_lab_risk_assessment_id\": null, \"current_client_risk_assessment_id\": null, \"current_courier_risk_assessment_id\": null, \"current_other_risk_assessment_id\": null, \"supplier_risk_assessments\": [], \"lab_risk_assessments\": [], \"client_risk_assessments\": [], \"courier_risk_assessments\": [], \"other_risk_assessments\": []}','Data from survey',28,'2024-08-19 20:17:36.000000','2024-08-19 20:17:36.000000'),(18,'www.npnutra.com',0,'2022-01-26','Low_Risk',1,0,0,0,0,'{\"documents\": [], \"current_supplier_risk_assesment_id\": null, \"current_lab_risk_assessment_id\": null, \"current_client_risk_assessment_id\": null, \"current_courier_risk_assessment_id\": null, \"current_other_risk_assessment_id\": null, \"supplier_risk_assessments\": [], \"lab_risk_assessments\": [], \"client_risk_assessments\": [], \"courier_risk_assessments\": [], \"other_risk_assessments\": []}','Data from survey',29,'2024-08-19 20:17:36.000000','2024-08-19 20:17:36.000000'),(19,'nexira.com',0,'2022-03-01','Low_Risk',1,0,0,0,0,'{\"documents\": [], \"current_supplier_risk_assesment_id\": null, \"current_lab_risk_assessment_id\": null, \"current_client_risk_assessment_id\": null, \"current_courier_risk_assessment_id\": null, \"current_other_risk_assessment_id\": null, \"supplier_risk_assessments\": [], \"lab_risk_assessments\": [], \"client_risk_assessments\": [], \"courier_risk_assessments\": [], \"other_risk_assessments\": []}','Data from survey',32,'2024-08-19 20:17:36.000000','2024-08-19 20:17:36.000000'),(20,'https://www.nammex.com/',0,'2022-02-02','Low_Risk',1,0,0,0,0,'{\"documents\": [], \"current_supplier_risk_assesment_id\": null, \"current_lab_risk_assessment_id\": null, \"current_client_risk_assessment_id\": null, \"current_courier_risk_assessment_id\": null, \"current_other_risk_assessment_id\": null, \"supplier_risk_assessments\": [], \"lab_risk_assessments\": [], \"client_risk_assessments\": [], \"courier_risk_assessments\": [], \"other_risk_assessments\": []}','Data from survey',33,'2024-08-19 20:17:36.000000','2024-08-19 20:17:36.000000'),(21,'essentialorganicingredients.com',0,'2022-02-01','UNKNOWN',1,0,0,0,0,'{\"documents\": [], \"current_supplier_risk_assesment_id\": null, \"current_lab_risk_assessment_id\": null, \"current_client_risk_assessment_id\": null, \"current_courier_risk_assessment_id\": null, \"current_other_risk_assessment_id\": null, \"supplier_risk_assessments\": [], \"lab_risk_assessments\": [], \"client_risk_assessments\": [], \"courier_risk_assessments\": [], \"other_risk_assessments\": []}','Data from survey',34,'2024-08-19 20:17:36.000000','2024-08-19 20:17:36.000000'),(22,'www.pacificbotanicals.com',0,'2022-01-31','Low_Risk',1,0,0,0,0,'{\"documents\": [], \"current_supplier_risk_assesment_id\": null, \"current_lab_risk_assessment_id\": null, \"current_client_risk_assessment_id\": null, \"current_courier_risk_assessment_id\": null, \"current_other_risk_assessment_id\": null, \"supplier_risk_assessments\": [], \"lab_risk_assessments\": [], \"client_risk_assessments\": [], \"courier_risk_assessments\": [], \"other_risk_assessments\": []}','Data from survey',36,'2024-08-19 20:17:36.000000','2024-08-19 20:17:36.000000'),(23,'pforlife.com',0,'2022-02-17','Low_Risk',1,0,0,0,0,'{\"documents\": [], \"current_supplier_risk_assesment_id\": null, \"current_lab_risk_assessment_id\": null, \"current_client_risk_assessment_id\": null, \"current_courier_risk_assessment_id\": null, \"current_other_risk_assessment_id\": null, \"supplier_risk_assessments\": [], \"lab_risk_assessments\": [], \"client_risk_assessments\": [], \"courier_risk_assessments\": [], \"other_risk_assessments\": []}','Data from survey',38,'2024-08-19 20:17:36.000000','2024-08-19 20:17:36.000000'),(24,'purebulk.com',0,'2022-03-08','Low_Risk',1,0,0,0,0,'{\"documents\": [], \"current_supplier_risk_assesment_id\": null, \"current_lab_risk_assessment_id\": null, \"current_client_risk_assessment_id\": null, \"current_courier_risk_assessment_id\": null, \"current_other_risk_assessment_id\": null, \"supplier_risk_assessments\": [], \"lab_risk_assessments\": [], \"client_risk_assessments\": [], \"courier_risk_assessments\": [], \"other_risk_assessments\": []}','Data from survey',40,'2024-08-19 20:17:36.000000','2024-08-19 20:17:36.000000'),(25,'specialtyenzymes.com',0,'2022-03-08','Low_Risk',1,0,0,0,0,'{\"documents\": [], \"current_supplier_risk_assesment_id\": null, \"current_lab_risk_assessment_id\": null, \"current_client_risk_assessment_id\": null, \"current_courier_risk_assessment_id\": null, \"current_other_risk_assessment_id\": null, \"supplier_risk_assessments\": [], \"lab_risk_assessments\": [], \"client_risk_assessments\": [], \"courier_risk_assessments\": [], \"other_risk_assessments\": []}','Data from survey',41,'2024-08-19 20:17:36.000000','2024-08-19 20:17:36.000000'),(26,'https://austsuperfoods.com.au/',0,'2022-01-30','Low_Risk',1,0,0,0,0,'{\"documents\": [], \"current_supplier_risk_assesment_id\": null, \"current_lab_risk_assessment_id\": null, \"current_client_risk_assessment_id\": null, \"current_courier_risk_assessment_id\": null, \"current_other_risk_assessment_id\": null, \"supplier_risk_assessments\": [], \"lab_risk_assessments\": [], \"client_risk_assessments\": [], \"courier_risk_assessments\": [], \"other_risk_assessments\": []}','Data from survey',43,'2024-08-19 20:17:36.000000','2024-08-19 20:17:36.000000'),(27,'Healthyflour.com',0,'2022-01-30','Medium_Risk',1,0,0,0,0,'{\"documents\": [], \"current_supplier_risk_assesment_id\": null, \"current_lab_risk_assessment_id\": null, \"current_client_risk_assessment_id\": null, \"current_courier_risk_assessment_id\": null, \"current_other_risk_assessment_id\": null, \"supplier_risk_assessments\": [], \"lab_risk_assessments\": [], \"client_risk_assessments\": [], \"courier_risk_assessments\": [], \"other_risk_assessments\": []}','Data from survey',45,'2024-08-19 20:17:36.000000','2024-08-19 20:17:36.000000'),(28,'unichemsupply.com',0,'2022-03-01','Low_Risk',1,0,0,0,0,'{\"documents\": [], \"current_supplier_risk_assesment_id\": null, \"current_lab_risk_assessment_id\": null, \"current_client_risk_assessment_id\": null, \"current_courier_risk_assessment_id\": null, \"current_other_risk_assessment_id\": null, \"supplier_risk_assessments\": [], \"lab_risk_assessments\": [], \"client_risk_assessments\": [], \"courier_risk_assessments\": [], \"other_risk_assessments\": []}','Data from survey',47,'2024-08-19 20:17:36.000000','2024-08-19 20:17:36.000000'),(29,'wholeherbcompany.com',0,'2022-02-17','Low_Risk',1,0,0,0,0,'{\"documents\": [], \"current_supplier_risk_assesment_id\": null, \"current_lab_risk_assessment_id\": null, \"current_client_risk_assessment_id\": null, \"current_courier_risk_assessment_id\": null, \"current_other_risk_assessment_id\": null, \"supplier_risk_assessments\": [], \"lab_risk_assessments\": [], \"client_risk_assessments\": [], \"courier_risk_assessments\": [], \"other_risk_assessments\": []}','Data from survey',49,'2024-08-19 20:17:36.000000','2024-08-19 20:17:36.000000'),(30,'qualitymushroom.com',0,'2022-02-17','Low_Risk',1,0,0,0,0,'{\"documents\": [], \"current_supplier_risk_assesment_id\": null, \"current_lab_risk_assessment_id\": null, \"current_client_risk_assessment_id\": null, \"current_courier_risk_assessment_id\": null, \"current_other_risk_assessment_id\": null, \"supplier_risk_assessments\": [], \"lab_risk_assessments\": [], \"client_risk_assessments\": [], \"courier_risk_assessments\": [], \"other_risk_assessments\": []}','Data from survey',51,'2024-08-19 20:17:36.000000','2024-08-19 20:17:36.000000'),(31,'xahealthway.com',0,'2022-03-15','Low_Risk',1,0,0,0,0,'{\"documents\": [], \"current_supplier_risk_assesment_id\": null, \"current_lab_risk_assessment_id\": null, \"current_client_risk_assessment_id\": null, \"current_courier_risk_assessment_id\": null, \"current_other_risk_assessment_id\": null, \"supplier_risk_assessments\": [], \"lab_risk_assessments\": [], \"client_risk_assessments\": [], \"courier_risk_assessments\": [], \"other_risk_assessments\": []}','Data from survey',53,'2024-08-19 20:17:36.000000','2024-08-19 20:17:36.000000'),(32,'stryka.com',0,'2022-03-23','Low_Risk',1,0,0,0,0,'{\"documents\": [], \"current_supplier_risk_assesment_id\": null, \"current_lab_risk_assessment_id\": null, \"current_client_risk_assessment_id\": null, \"current_courier_risk_assessment_id\": null, \"current_other_risk_assessment_id\": null, \"supplier_risk_assessments\": [], \"lab_risk_assessments\": [], \"client_risk_assessments\": [], \"courier_risk_assessments\": [], \"other_risk_assessments\": []}','Data from survey',57,'2024-08-19 20:17:36.000000','2024-08-19 20:17:36.000000'),(33,NULL,0,NULL,'UNKNOWN',0,1,0,0,0,'{\"documents\": [], \"current_supplier_risk_assesment_id\": null, \"current_lab_risk_assessment_id\": null, \"current_client_risk_assessment_id\": null, \"current_courier_risk_assessment_id\": null, \"current_other_risk_assessment_id\": null, \"supplier_risk_assessments\": [], \"lab_risk_assessments\": [], \"client_risk_assessments\": [], \"courier_risk_assessments\": [], \"other_risk_assessments\": []}','Data from URL Library',58,'2024-08-19 20:17:36.000000','2024-08-19 20:17:36.000000'),(34,'https://enerex.ca/',0,NULL,'UNKNOWN',0,1,0,0,0,'{\"documents\": [], \"current_supplier_risk_assesment_id\": null, \"current_lab_risk_assessment_id\": null, \"current_client_risk_assessment_id\": null, \"current_courier_risk_assessment_id\": null, \"current_other_risk_assessment_id\": null, \"supplier_risk_assessments\": [], \"lab_risk_assessments\": [], \"client_risk_assessments\": [], \"courier_risk_assessments\": [], \"other_risk_assessments\": []}','Data from URL Library',59,'2024-08-19 20:17:36.000000','2024-08-19 20:17:36.000000'),(35,'https://herballygrounded.com/',0,NULL,'UNKNOWN',0,1,0,0,0,'{\"documents\": [], \"current_supplier_risk_assesment_id\": null, \"current_lab_risk_assessment_id\": null, \"current_client_risk_assessment_id\": null, \"current_courier_risk_assessment_id\": null, \"current_other_risk_assessment_id\": null, \"supplier_risk_assessments\": [], \"lab_risk_assessments\": [], \"client_risk_assessments\": [], \"courier_risk_assessments\": [], \"other_risk_assessments\": []}','Data from URL Library',60,'2024-08-19 20:17:36.000000','2024-08-19 20:17:36.000000'),(36,NULL,0,NULL,'UNKNOWN',1,1,0,0,0,'{\"documents\": [], \"current_supplier_risk_assesment_id\": null, \"current_lab_risk_assessment_id\": null, \"current_client_risk_assessment_id\": null, \"current_courier_risk_assessment_id\": null, \"current_other_risk_assessment_id\": null, \"supplier_risk_assessments\": [], \"lab_risk_assessments\": [], \"client_risk_assessments\": [], \"courier_risk_assessments\": [], \"other_risk_assessments\": []}','Data from URL Library',62,'2024-08-19 20:17:36.000000','2024-08-19 20:17:36.000000'),(37,'https://immunesolution.com/',0,NULL,'UNKNOWN',0,1,0,0,0,'{\"documents\": [], \"current_supplier_risk_assesment_id\": null, \"current_lab_risk_assessment_id\": null, \"current_client_risk_assessment_id\": null, \"current_courier_risk_assessment_id\": null, \"current_other_risk_assessment_id\": null, \"supplier_risk_assessments\": [], \"lab_risk_assessments\": [], \"client_risk_assessments\": [], \"courier_risk_assessments\": [], \"other_risk_assessments\": []}','Data from URL Library',64,'2024-08-19 20:17:36.000000','2024-08-19 20:17:36.000000'),(38,'https://majusuperfoods.com/',0,NULL,'UNKNOWN',1,1,0,0,0,'{\"documents\": [], \"current_supplier_risk_assesment_id\": null, \"current_lab_risk_assessment_id\": null, \"current_client_risk_assessment_id\": null, \"current_courier_risk_assessment_id\": null, \"current_other_risk_assessment_id\": null, \"supplier_risk_assessments\": [], \"lab_risk_assessments\": [], \"client_risk_assessments\": [], \"courier_risk_assessments\": [], \"other_risk_assessments\": []}','Data from URL Library',65,'2024-08-19 20:17:36.000000','2024-08-19 20:17:36.000000'),(39,'https://www.markusrothkranz.com/online-store/index.html',0,NULL,'UNKNOWN',1,1,0,0,0,'{\"documents\": [], \"current_supplier_risk_assesment_id\": null, \"current_lab_risk_assessment_id\": null, \"current_client_risk_assessment_id\": null, \"current_courier_risk_assessment_id\": null, \"current_other_risk_assessment_id\": null, \"supplier_risk_assessments\": [], \"lab_risk_assessments\": [], \"client_risk_assessments\": [], \"courier_risk_assessments\": [], \"other_risk_assessments\": []}','Data from URL Library',68,'2024-08-19 20:17:36.000000','2024-08-19 20:17:36.000000'),(40,'https://makes3organics.com/',0,NULL,'UNKNOWN',0,1,0,0,0,'{\"documents\": [], \"current_supplier_risk_assesment_id\": null, \"current_lab_risk_assessment_id\": null, \"current_client_risk_assessment_id\": null, \"current_courier_risk_assessment_id\": null, \"current_other_risk_assessment_id\": null, \"supplier_risk_assessments\": [], \"lab_risk_assessments\": [], \"client_risk_assessments\": [], \"courier_risk_assessments\": [], \"other_risk_assessments\": []}','Data from URL Library',69,'2024-08-19 20:17:36.000000','2024-08-19 20:17:36.000000'),(41,'https://revelationhealth.com/',0,NULL,'UNKNOWN',1,1,0,0,0,'{\"documents\": [], \"current_supplier_risk_assesment_id\": null, \"current_lab_risk_assessment_id\": null, \"current_client_risk_assessment_id\": null, \"current_courier_risk_assessment_id\": null, \"current_other_risk_assessment_id\": null, \"supplier_risk_assessments\": [], \"lab_risk_assessments\": [], \"client_risk_assessments\": [], \"courier_risk_assessments\": [], \"other_risk_assessments\": []}','Data from URL Library',71,'2024-08-19 20:17:36.000000','2024-08-19 20:17:36.000000'),(42,'https://vita-myr.com/',0,NULL,'UNKNOWN',0,1,0,0,0,'{\"documents\": [], \"current_supplier_risk_assesment_id\": null, \"current_lab_risk_assessment_id\": null, \"current_client_risk_assessment_id\": null, \"current_courier_risk_assessment_id\": null, \"current_other_risk_assessment_id\": null, \"supplier_risk_assessments\": [], \"lab_risk_assessments\": [], \"client_risk_assessments\": [], \"courier_risk_assessments\": [], \"other_risk_assessments\": []}','Data from URL Library',73,'2024-08-19 20:17:36.000000','2024-08-19 20:17:36.000000'),(43,'https://www.knlifebiotics.com/',0,NULL,'UNKNOWN',0,1,0,0,0,'{\"documents\": [], \"current_supplier_risk_assesment_id\": null, \"current_lab_risk_assessment_id\": null, \"current_client_risk_assessment_id\": null, \"current_courier_risk_assessment_id\": null, \"current_other_risk_assessment_id\": null, \"supplier_risk_assessments\": [], \"lab_risk_assessments\": [], \"client_risk_assessments\": [], \"courier_risk_assessments\": [], \"other_risk_assessments\": []}','Data from URL Library',74,'2024-08-19 20:17:36.000000','2024-08-19 20:17:36.000000'),(44,'https://www.balanceofnature.com/',0,NULL,'UNKNOWN',0,1,0,0,0,'{\"documents\": [], \"current_supplier_risk_assesment_id\": null, \"current_lab_risk_assessment_id\": null, \"current_client_risk_assessment_id\": null, \"current_courier_risk_assessment_id\": null, \"current_other_risk_assessment_id\": null, \"supplier_risk_assessments\": [], \"lab_risk_assessments\": [], \"client_risk_assessments\": [], \"courier_risk_assessments\": [], \"other_risk_assessments\": []}','Data from URL Library',76,'2024-08-19 20:17:36.000000','2024-08-19 20:17:36.000000'),(45,'https://www.naturalapproachnutrition.com/',0,NULL,'UNKNOWN',1,1,0,0,0,'{\"documents\": [], \"current_supplier_risk_assesment_id\": null, \"current_lab_risk_assessment_id\": null, \"current_client_risk_assessment_id\": null, \"current_courier_risk_assessment_id\": null, \"current_other_risk_assessment_id\": null, \"supplier_risk_assessments\": [], \"lab_risk_assessments\": [], \"client_risk_assessments\": [], \"courier_risk_assessments\": [], \"other_risk_assessments\": []}','Data from URL Library',77,'2024-08-19 20:17:36.000000','2024-08-19 20:17:36.000000'),(46,'https://www.tranont.com/',0,NULL,'UNKNOWN',0,1,0,0,0,'{\"documents\": [], \"current_supplier_risk_assesment_id\": null, \"current_lab_risk_assessment_id\": null, \"current_client_risk_assessment_id\": null, \"current_courier_risk_assessment_id\": null, \"current_other_risk_assessment_id\": null, \"supplier_risk_assessments\": [], \"lab_risk_assessments\": [], \"client_risk_assessments\": [], \"courier_risk_assessments\": [], \"other_risk_assessments\": []}','Data from URL Library',79,'2024-08-19 20:17:36.000000','2024-08-19 20:17:36.000000'),(47,'https://www.bloomfieldroots.com/',0,NULL,'UNKNOWN',1,1,0,0,0,'{\"documents\": [], \"current_supplier_risk_assesment_id\": null, \"current_lab_risk_assessment_id\": null, \"current_client_risk_assessment_id\": null, \"current_courier_risk_assessment_id\": null, \"current_other_risk_assessment_id\": null, \"supplier_risk_assessments\": [], \"lab_risk_assessments\": [], \"client_risk_assessments\": [], \"courier_risk_assessments\": [], \"other_risk_assessments\": []}','Data from URL Library',81,'2024-08-19 20:17:36.000000','2024-08-19 20:17:36.000000'),(48,NULL,0,NULL,'UNKNOWN',1,0,0,0,0,'{\"documents\": [], \"current_supplier_risk_assesment_id\": null, \"current_lab_risk_assessment_id\": null, \"current_client_risk_assessment_id\": null, \"current_courier_risk_assessment_id\": null, \"current_other_risk_assessment_id\": null, \"supplier_risk_assessments\": [], \"lab_risk_assessments\": [], \"client_risk_assessments\": [], \"courier_risk_assessments\": [], \"other_risk_assessments\": []}','Data from Powders Inventory',82,'2024-08-19 20:17:36.000000','2024-08-19 20:17:36.000000'),(49,NULL,0,NULL,'UNKNOWN',1,0,0,0,0,'{\"documents\": [], \"current_supplier_risk_assesment_id\": null, \"current_lab_risk_assessment_id\": null, \"current_client_risk_assessment_id\": null, \"current_courier_risk_assessment_id\": null, \"current_other_risk_assessment_id\": null, \"supplier_risk_assessments\": [], \"lab_risk_assessments\": [], \"client_risk_assessments\": [], \"courier_risk_assessments\": [], \"other_risk_assessments\": []}','Data from Powders Inventory',83,'2024-08-19 20:17:36.000000','2024-08-19 20:17:36.000000'),(50,NULL,0,NULL,'Low_Risk',1,0,0,0,0,'{\"documents\": [], \"current_supplier_risk_assesment_id\": null, \"current_lab_risk_assessment_id\": null, \"current_client_risk_assessment_id\": null, \"current_courier_risk_assessment_id\": null, \"current_other_risk_assessment_id\": null, \"supplier_risk_assessments\": [], \"lab_risk_assessments\": [], \"client_risk_assessments\": [], \"courier_risk_assessments\": [], \"other_risk_assessments\": []}','Data from Powders Inventory',84,'2024-08-19 20:17:36.000000','2024-08-19 20:17:36.000000'),(51,NULL,0,NULL,'UNKNOWN',1,0,0,0,0,'{\"documents\": [], \"current_supplier_risk_assesment_id\": null, \"current_lab_risk_assessment_id\": null, \"current_client_risk_assessment_id\": null, \"current_courier_risk_assessment_id\": null, \"current_other_risk_assessment_id\": null, \"supplier_risk_assessments\": [], \"lab_risk_assessments\": [], \"client_risk_assessments\": [], \"courier_risk_assessments\": [], \"other_risk_assessments\": []}','Data from Powders Inventory',85,'2024-08-19 20:17:36.000000','2024-08-19 20:17:36.000000'),(52,NULL,0,NULL,'High_Risk',1,0,0,0,0,'{\"documents\": [], \"current_supplier_risk_assesment_id\": null, \"current_lab_risk_assessment_id\": null, \"current_client_risk_assessment_id\": null, \"current_courier_risk_assessment_id\": null, \"current_other_risk_assessment_id\": null, \"supplier_risk_assessments\": [], \"lab_risk_assessments\": [], \"client_risk_assessments\": [], \"courier_risk_assessments\": [], \"other_risk_assessments\": []}','Data from Powders Inventory',86,'2024-08-19 20:17:36.000000','2024-08-19 20:17:36.000000'),(53,NULL,0,NULL,'UNKNOWN',1,0,0,0,0,'{\"documents\": [], \"current_supplier_risk_assesment_id\": null, \"current_lab_risk_assessment_id\": null, \"current_client_risk_assessment_id\": null, \"current_courier_risk_assessment_id\": null, \"current_other_risk_assessment_id\": null, \"supplier_risk_assessments\": [], \"lab_risk_assessments\": [], \"client_risk_assessments\": [], \"courier_risk_assessments\": [], \"other_risk_assessments\": []}','Data from Powders Inventory',87,'2024-08-19 20:17:36.000000','2024-08-19 20:17:36.000000'),(54,NULL,0,NULL,'Low_Risk',1,0,0,0,0,'{\"documents\": [], \"current_supplier_risk_assesment_id\": null, \"current_lab_risk_assessment_id\": null, \"current_client_risk_assessment_id\": null, \"current_courier_risk_assessment_id\": null, \"current_other_risk_assessment_id\": null, \"supplier_risk_assessments\": [], \"lab_risk_assessments\": [], \"client_risk_assessments\": [], \"courier_risk_assessments\": [], \"other_risk_assessments\": []}','Data from Powders Inventory',88,'2024-08-19 20:17:36.000000','2024-08-19 20:17:36.000000'),(55,NULL,0,NULL,'UNKNOWN',1,0,0,0,0,'{\"documents\": [], \"current_supplier_risk_assesment_id\": null, \"current_lab_risk_assessment_id\": null, \"current_client_risk_assessment_id\": null, \"current_courier_risk_assessment_id\": null, \"current_other_risk_assessment_id\": null, \"supplier_risk_assessments\": [], \"lab_risk_assessments\": [], \"client_risk_assessments\": [], \"courier_risk_assessments\": [], \"other_risk_assessments\": []}','Data from Powders Inventory',89,'2024-08-19 20:17:36.000000','2024-08-19 20:17:36.000000'),(56,NULL,0,NULL,'Low_Risk',1,0,0,0,0,'{\"documents\": [], \"current_supplier_risk_assesment_id\": null, \"current_lab_risk_assessment_id\": null, \"current_client_risk_assessment_id\": null, \"current_courier_risk_assessment_id\": null, \"current_other_risk_assessment_id\": null, \"supplier_risk_assessments\": [], \"lab_risk_assessments\": [], \"client_risk_assessments\": [], \"courier_risk_assessments\": [], \"other_risk_assessments\": []}','Data from Powders Inventory',90,'2024-08-19 20:17:36.000000','2024-08-19 20:17:36.000000'),(57,NULL,0,NULL,'UNKNOWN',1,0,0,0,0,'{\"documents\": [], \"current_supplier_risk_assesment_id\": null, \"current_lab_risk_assessment_id\": null, \"current_client_risk_assessment_id\": null, \"current_courier_risk_assessment_id\": null, \"current_other_risk_assessment_id\": null, \"supplier_risk_assessments\": [], \"lab_risk_assessments\": [], \"client_risk_assessments\": [], \"courier_risk_assessments\": [], \"other_risk_assessments\": []}','Data from Powders Inventory',91,'2024-08-19 20:17:36.000000','2024-08-19 20:17:36.000000'),(58,NULL,0,NULL,'UNKNOWN',1,0,0,0,0,'{\"documents\": [], \"current_supplier_risk_assesment_id\": null, \"current_lab_risk_assessment_id\": null, \"current_client_risk_assessment_id\": null, \"current_courier_risk_assessment_id\": null, \"current_other_risk_assessment_id\": null, \"supplier_risk_assessments\": [], \"lab_risk_assessments\": [], \"client_risk_assessments\": [], \"courier_risk_assessments\": [], \"other_risk_assessments\": []}','Data from Powders Inventory',92,'2024-08-19 20:17:36.000000','2024-08-19 20:17:36.000000'),(59,NULL,0,NULL,'UNKNOWN',1,0,0,0,0,'{\"documents\": [], \"current_supplier_risk_assesment_id\": null, \"current_lab_risk_assessment_id\": null, \"current_client_risk_assessment_id\": null, \"current_courier_risk_assessment_id\": null, \"current_other_risk_assessment_id\": null, \"supplier_risk_assessments\": [], \"lab_risk_assessments\": [], \"client_risk_assessments\": [], \"courier_risk_assessments\": [], \"other_risk_assessments\": []}','Data from Powders Inventory',93,'2024-08-19 20:17:36.000000','2024-08-19 20:17:36.000000'),(60,NULL,0,NULL,'UNKNOWN',1,0,0,0,0,'{\"documents\": [], \"current_supplier_risk_assesment_id\": null, \"current_lab_risk_assessment_id\": null, \"current_client_risk_assessment_id\": null, \"current_courier_risk_assessment_id\": null, \"current_other_risk_assessment_id\": null, \"supplier_risk_assessments\": [], \"lab_risk_assessments\": [], \"client_risk_assessments\": [], \"courier_risk_assessments\": [], \"other_risk_assessments\": []}','Data from Powders Inventory',94,'2024-08-19 20:17:36.000000','2024-08-19 20:17:36.000000'),(61,NULL,0,NULL,'UNKNOWN',1,0,0,0,0,'{\"documents\": [], \"current_supplier_risk_assesment_id\": null, \"current_lab_risk_assessment_id\": null, \"current_client_risk_assessment_id\": null, \"current_courier_risk_assessment_id\": null, \"current_other_risk_assessment_id\": null, \"supplier_risk_assessments\": [], \"lab_risk_assessments\": [], \"client_risk_assessments\": [], \"courier_risk_assessments\": [], \"other_risk_assessments\": []}','Data from Powders Inventory',95,'2024-08-19 20:17:36.000000','2024-08-19 20:17:36.000000'),(62,NULL,0,NULL,'UNKNOWN',1,0,0,0,0,'{\"documents\": [], \"current_supplier_risk_assesment_id\": null, \"current_lab_risk_assessment_id\": null, \"current_client_risk_assessment_id\": null, \"current_courier_risk_assessment_id\": null, \"current_other_risk_assessment_id\": null, \"supplier_risk_assessments\": [], \"lab_risk_assessments\": [], \"client_risk_assessments\": [], \"courier_risk_assessments\": [], \"other_risk_assessments\": []}','Data from Powders Inventory',96,'2024-08-19 20:17:36.000000','2024-08-19 20:17:36.000000'),(63,NULL,0,NULL,'UNKNOWN',1,0,0,0,0,'{\"documents\": [], \"current_supplier_risk_assesment_id\": null, \"current_lab_risk_assessment_id\": null, \"current_client_risk_assessment_id\": null, \"current_courier_risk_assessment_id\": null, \"current_other_risk_assessment_id\": null, \"supplier_risk_assessments\": [], \"lab_risk_assessments\": [], \"client_risk_assessments\": [], \"courier_risk_assessments\": [], \"other_risk_assessments\": []}','Data from Powders Inventory',97,'2024-08-19 20:17:36.000000','2024-08-19 20:17:36.000000'),(64,NULL,0,NULL,'UNKNOWN',1,0,0,0,0,'{\"documents\": [], \"current_supplier_risk_assesment_id\": null, \"current_lab_risk_assessment_id\": null, \"current_client_risk_assessment_id\": null, \"current_courier_risk_assessment_id\": null, \"current_other_risk_assessment_id\": null, \"supplier_risk_assessments\": [], \"lab_risk_assessments\": [], \"client_risk_assessments\": [], \"courier_risk_assessments\": [], \"other_risk_assessments\": []}','Data from Powders Inventory',98,'2024-08-19 20:17:36.000000','2024-08-19 20:17:36.000000'),(65,NULL,0,NULL,'UNKNOWN',1,0,0,0,0,'{\"documents\": [], \"current_supplier_risk_assesment_id\": null, \"current_lab_risk_assessment_id\": null, \"current_client_risk_assessment_id\": null, \"current_courier_risk_assessment_id\": null, \"current_other_risk_assessment_id\": null, \"supplier_risk_assessments\": [], \"lab_risk_assessments\": [], \"client_risk_assessments\": [], \"courier_risk_assessments\": [], \"other_risk_assessments\": []}','Data from Powders Inventory',99,'2024-08-19 20:17:36.000000','2024-08-19 20:17:36.000000'),(66,NULL,0,NULL,'UNKNOWN',1,0,0,0,0,'{\"documents\": [], \"current_supplier_risk_assesment_id\": null, \"current_lab_risk_assessment_id\": null, \"current_client_risk_assessment_id\": null, \"current_courier_risk_assessment_id\": null, \"current_other_risk_assessment_id\": null, \"supplier_risk_assessments\": [], \"lab_risk_assessments\": [], \"client_risk_assessments\": [], \"courier_risk_assessments\": [], \"other_risk_assessments\": []}','Data from Powders Inventory',100,'2024-08-19 20:17:36.000000','2024-08-19 20:17:36.000000'),(67,NULL,0,NULL,'UNKNOWN',1,0,0,0,0,'{\"documents\": [], \"current_supplier_risk_assesment_id\": null, \"current_lab_risk_assessment_id\": null, \"current_client_risk_assessment_id\": null, \"current_courier_risk_assessment_id\": null, \"current_other_risk_assessment_id\": null, \"supplier_risk_assessments\": [], \"lab_risk_assessments\": [], \"client_risk_assessments\": [], \"courier_risk_assessments\": [], \"other_risk_assessments\": []}','Data from Powders Inventory',101,'2024-08-19 20:17:36.000000','2024-08-19 20:17:36.000000'),(68,NULL,0,NULL,'UNKNOWN',1,0,0,0,0,'{\"documents\": [], \"current_supplier_risk_assesment_id\": null, \"current_lab_risk_assessment_id\": null, \"current_client_risk_assessment_id\": null, \"current_courier_risk_assessment_id\": null, \"current_other_risk_assessment_id\": null, \"supplier_risk_assessments\": [], \"lab_risk_assessments\": [], \"client_risk_assessments\": [], \"courier_risk_assessments\": [], \"other_risk_assessments\": []}','Data from Powders Inventory',102,'2024-08-19 20:17:36.000000','2024-08-19 20:17:36.000000'),(69,NULL,0,NULL,'UNKNOWN',1,0,0,0,0,'{\"documents\": [], \"current_supplier_risk_assesment_id\": null, \"current_lab_risk_assessment_id\": null, \"current_client_risk_assessment_id\": null, \"current_courier_risk_assessment_id\": null, \"current_other_risk_assessment_id\": null, \"supplier_risk_assessments\": [], \"lab_risk_assessments\": [], \"client_risk_assessments\": [], \"courier_risk_assessments\": [], \"other_risk_assessments\": []}','Data from Powders Inventory',103,'2024-08-19 20:17:36.000000','2024-08-19 20:17:36.000000'),(70,NULL,0,NULL,'UNKNOWN',1,0,0,0,0,'{\"documents\": [], \"current_supplier_risk_assesment_id\": null, \"current_lab_risk_assessment_id\": null, \"current_client_risk_assessment_id\": null, \"current_courier_risk_assessment_id\": null, \"current_other_risk_assessment_id\": null, \"supplier_risk_assessments\": [], \"lab_risk_assessments\": [], \"client_risk_assessments\": [], \"courier_risk_assessments\": [], \"other_risk_assessments\": []}','Data from Powders Inventory',104,'2024-08-19 20:17:36.000000','2024-08-19 20:17:36.000000'),(71,NULL,0,NULL,'UNKNOWN',1,0,0,0,0,'{\"documents\": [], \"current_supplier_risk_assesment_id\": null, \"current_lab_risk_assessment_id\": null, \"current_client_risk_assessment_id\": null, \"current_courier_risk_assessment_id\": null, \"current_other_risk_assessment_id\": null, \"supplier_risk_assessments\": [], \"lab_risk_assessments\": [], \"client_risk_assessments\": [], \"courier_risk_assessments\": [], \"other_risk_assessments\": []}','Data from Powders Inventory',105,'2024-08-19 20:17:36.000000','2024-08-19 20:17:36.000000'),(72,NULL,0,NULL,'Low_Risk',1,0,0,0,0,'{\"documents\": [], \"current_supplier_risk_assesment_id\": null, \"current_lab_risk_assessment_id\": null, \"current_client_risk_assessment_id\": null, \"current_courier_risk_assessment_id\": null, \"current_other_risk_assessment_id\": null, \"supplier_risk_assessments\": [], \"lab_risk_assessments\": [], \"client_risk_assessments\": [], \"courier_risk_assessments\": [], \"other_risk_assessments\": []}','Data from Powders Inventory',106,'2024-08-19 20:17:36.000000','2024-08-19 20:17:36.000000'),(73,NULL,0,NULL,'UNKNOWN',1,0,0,0,0,'{\"documents\": [], \"current_supplier_risk_assesment_id\": null, \"current_lab_risk_assessment_id\": null, \"current_client_risk_assessment_id\": null, \"current_courier_risk_assessment_id\": null, \"current_other_risk_assessment_id\": null, \"supplier_risk_assessments\": [], \"lab_risk_assessments\": [], \"client_risk_assessments\": [], \"courier_risk_assessments\": [], \"other_risk_assessments\": []}','Data from Powders Inventory',107,'2024-08-19 20:17:36.000000','2024-08-19 20:17:36.000000'),(74,NULL,0,NULL,'UNKNOWN',1,0,0,0,0,'{\"documents\": [], \"current_supplier_risk_assesment_id\": null, \"current_lab_risk_assessment_id\": null, \"current_client_risk_assessment_id\": null, \"current_courier_risk_assessment_id\": null, \"current_other_risk_assessment_id\": null, \"supplier_risk_assessments\": [], \"lab_risk_assessments\": [], \"client_risk_assessments\": [], \"courier_risk_assessments\": [], \"other_risk_assessments\": []}','Data from Powders Inventory',108,'2024-08-19 20:17:36.000000','2024-08-19 20:17:36.000000'),(75,NULL,0,NULL,'UNKNOWN',1,0,0,0,0,'{\"documents\": [], \"current_supplier_risk_assesment_id\": null, \"current_lab_risk_assessment_id\": null, \"current_client_risk_assessment_id\": null, \"current_courier_risk_assessment_id\": null, \"current_other_risk_assessment_id\": null, \"supplier_risk_assessments\": [], \"lab_risk_assessments\": [], \"client_risk_assessments\": [], \"courier_risk_assessments\": [], \"other_risk_assessments\": []}','Data from Powders Inventory',109,'2024-08-19 20:17:36.000000','2024-08-19 20:17:36.000000'),(76,NULL,0,NULL,'UNKNOWN',1,0,0,0,0,'{\"documents\": [], \"current_supplier_risk_assesment_id\": null, \"current_lab_risk_assessment_id\": null, \"current_client_risk_assessment_id\": null, \"current_courier_risk_assessment_id\": null, \"current_other_risk_assessment_id\": null, \"supplier_risk_assessments\": [], \"lab_risk_assessments\": [], \"client_risk_assessments\": [], \"courier_risk_assessments\": [], \"other_risk_assessments\": []}','Data from Powders Inventory',110,'2024-08-19 20:17:36.000000','2024-08-19 20:17:36.000000'),(77,NULL,0,NULL,'UNKNOWN',1,0,0,0,0,'{\"documents\": [], \"current_supplier_risk_assesment_id\": null, \"current_lab_risk_assessment_id\": null, \"current_client_risk_assessment_id\": null, \"current_courier_risk_assessment_id\": null, \"current_other_risk_assessment_id\": null, \"supplier_risk_assessments\": [], \"lab_risk_assessments\": [], \"client_risk_assessments\": [], \"courier_risk_assessments\": [], \"other_risk_assessments\": []}','Data from Powders Inventory',111,'2024-08-19 20:17:36.000000','2024-08-19 20:17:36.000000'),(78,NULL,0,NULL,'UNKNOWN',1,0,0,0,0,'{\"documents\": [], \"current_supplier_risk_assesment_id\": null, \"current_lab_risk_assessment_id\": null, \"current_client_risk_assessment_id\": null, \"current_courier_risk_assessment_id\": null, \"current_other_risk_assessment_id\": null, \"supplier_risk_assessments\": [], \"lab_risk_assessments\": [], \"client_risk_assessments\": [], \"courier_risk_assessments\": [], \"other_risk_assessments\": []}','Data from Powders Inventory',112,'2024-08-19 20:17:36.000000','2024-08-19 20:17:36.000000'),(79,NULL,0,NULL,'UNKNOWN',1,0,0,0,0,'{\"documents\": [], \"current_supplier_risk_assesment_id\": null, \"current_lab_risk_assessment_id\": null, \"current_client_risk_assessment_id\": null, \"current_courier_risk_assessment_id\": null, \"current_other_risk_assessment_id\": null, \"supplier_risk_assessments\": [], \"lab_risk_assessments\": [], \"client_risk_assessments\": [], \"courier_risk_assessments\": [], \"other_risk_assessments\": []}','Data from Powders Inventory',113,'2024-08-19 20:17:36.000000','2024-08-19 20:17:36.000000'),(80,NULL,0,NULL,'UNKNOWN',1,0,0,0,0,'{\"documents\": [], \"current_supplier_risk_assesment_id\": null, \"current_lab_risk_assessment_id\": null, \"current_client_risk_assessment_id\": null, \"current_courier_risk_assessment_id\": null, \"current_other_risk_assessment_id\": null, \"supplier_risk_assessments\": [], \"lab_risk_assessments\": [], \"client_risk_assessments\": [], \"courier_risk_assessments\": [], \"other_risk_assessments\": []}','Data from Powders Inventory',114,'2024-08-19 20:17:36.000000','2024-08-19 20:17:36.000000'),(81,NULL,0,NULL,'UNKNOWN',1,0,0,0,0,'{\"documents\": [], \"current_supplier_risk_assesment_id\": null, \"current_lab_risk_assessment_id\": null, \"current_client_risk_assessment_id\": null, \"current_courier_risk_assessment_id\": null, \"current_other_risk_assessment_id\": null, \"supplier_risk_assessments\": [], \"lab_risk_assessments\": [], \"client_risk_assessments\": [], \"courier_risk_assessments\": [], \"other_risk_assessments\": []}','Data from Powders Inventory',115,'2024-08-19 20:17:36.000000','2024-08-19 20:17:36.000000'),(82,NULL,0,NULL,'UNKNOWN',1,0,0,0,0,'{\"documents\": [], \"current_supplier_risk_assesment_id\": null, \"current_lab_risk_assessment_id\": null, \"current_client_risk_assessment_id\": null, \"current_courier_risk_assessment_id\": null, \"current_other_risk_assessment_id\": null, \"supplier_risk_assessments\": [], \"lab_risk_assessments\": [], \"client_risk_assessments\": [], \"courier_risk_assessments\": [], \"other_risk_assessments\": []}','Data from Powders Inventory',116,'2024-08-19 20:17:36.000000','2024-08-19 20:17:36.000000'),(83,NULL,0,NULL,'UNKNOWN',1,0,0,0,0,'{\"documents\": [], \"current_supplier_risk_assesment_id\": null, \"current_lab_risk_assessment_id\": null, \"current_client_risk_assessment_id\": null, \"current_courier_risk_assessment_id\": null, \"current_other_risk_assessment_id\": null, \"supplier_risk_assessments\": [], \"lab_risk_assessments\": [], \"client_risk_assessments\": [], \"courier_risk_assessments\": [], \"other_risk_assessments\": []}','Data from Powders Inventory',117,'2024-08-19 20:17:36.000000','2024-08-19 20:17:36.000000'),(84,NULL,0,NULL,'UNKNOWN',1,0,0,0,0,'{\"documents\": [], \"current_supplier_risk_assesment_id\": null, \"current_lab_risk_assessment_id\": null, \"current_client_risk_assessment_id\": null, \"current_courier_risk_assessment_id\": null, \"current_other_risk_assessment_id\": null, \"supplier_risk_assessments\": [], \"lab_risk_assessments\": [], \"client_risk_assessments\": [], \"courier_risk_assessments\": [], \"other_risk_assessments\": []}','Data from Powders Inventory',118,'2024-08-19 20:17:36.000000','2024-08-19 20:17:36.000000'),(85,NULL,0,NULL,'Low_Risk',1,0,0,0,0,'{\"documents\": [], \"current_supplier_risk_assesment_id\": null, \"current_lab_risk_assessment_id\": null, \"current_client_risk_assessment_id\": null, \"current_courier_risk_assessment_id\": null, \"current_other_risk_assessment_id\": null, \"supplier_risk_assessments\": [], \"lab_risk_assessments\": [], \"client_risk_assessments\": [], \"courier_risk_assessments\": [], \"other_risk_assessments\": []}','Data from Powders Inventory',119,'2024-08-19 20:17:36.000000','2024-08-19 20:17:36.000000'),(86,NULL,0,NULL,'UNKNOWN',1,0,0,0,0,'{\"documents\": [], \"current_supplier_risk_assesment_id\": null, \"current_lab_risk_assessment_id\": null, \"current_client_risk_assessment_id\": null, \"current_courier_risk_assessment_id\": null, \"current_other_risk_assessment_id\": null, \"supplier_risk_assessments\": [], \"lab_risk_assessments\": [], \"client_risk_assessments\": [], \"courier_risk_assessments\": [], \"other_risk_assessments\": []}','Data from Powders Inventory',120,'2024-08-19 20:17:36.000000','2024-08-19 20:17:36.000000'),(87,NULL,0,NULL,'UNKNOWN',1,0,0,0,0,'{\"documents\": [], \"current_supplier_risk_assesment_id\": null, \"current_lab_risk_assessment_id\": null, \"current_client_risk_assessment_id\": null, \"current_courier_risk_assessment_id\": null, \"current_other_risk_assessment_id\": null, \"supplier_risk_assessments\": [], \"lab_risk_assessments\": [], \"client_risk_assessments\": [], \"courier_risk_assessments\": [], \"other_risk_assessments\": []}','Data from Powders Inventory',121,'2024-08-19 20:17:36.000000','2024-08-19 20:17:36.000000'),(88,NULL,0,NULL,'High_Risk',1,0,0,0,0,'{\"documents\": [], \"current_supplier_risk_assesment_id\": null, \"current_lab_risk_assessment_id\": null, \"current_client_risk_assessment_id\": null, \"current_courier_risk_assessment_id\": null, \"current_other_risk_assessment_id\": null, \"supplier_risk_assessments\": [], \"lab_risk_assessments\": [], \"client_risk_assessments\": [], \"courier_risk_assessments\": [], \"other_risk_assessments\": []}','Data from Powders Inventory',122,'2024-08-19 20:17:36.000000','2024-08-19 20:17:36.000000'),(89,NULL,0,NULL,'High_Risk',1,0,0,0,0,'{\"documents\": [], \"current_supplier_risk_assesment_id\": null, \"current_lab_risk_assessment_id\": null, \"current_client_risk_assessment_id\": null, \"current_courier_risk_assessment_id\": null, \"current_other_risk_assessment_id\": null, \"supplier_risk_assessments\": [], \"lab_risk_assessments\": [], \"client_risk_assessments\": [], \"courier_risk_assessments\": [], \"other_risk_assessments\": []}','Data from Powders Inventory',123,'2024-08-19 20:17:36.000000','2024-08-19 20:17:36.000000'),(90,NULL,0,NULL,'UNKNOWN',1,0,0,0,0,'{\"documents\": [], \"current_supplier_risk_assesment_id\": null, \"current_lab_risk_assessment_id\": null, \"current_client_risk_assessment_id\": null, \"current_courier_risk_assessment_id\": null, \"current_other_risk_assessment_id\": null, \"supplier_risk_assessments\": [], \"lab_risk_assessments\": [], \"client_risk_assessments\": [], \"courier_risk_assessments\": [], \"other_risk_assessments\": []}','Data from Powders Inventory',124,'2024-08-19 20:17:36.000000','2024-08-19 20:17:36.000000'),(91,NULL,0,NULL,'High_Risk',1,0,0,0,0,'{\"documents\": [], \"current_supplier_risk_assesment_id\": null, \"current_lab_risk_assessment_id\": null, \"current_client_risk_assessment_id\": null, \"current_courier_risk_assessment_id\": null, \"current_other_risk_assessment_id\": null, \"supplier_risk_assessments\": [], \"lab_risk_assessments\": [], \"client_risk_assessments\": [], \"courier_risk_assessments\": [], \"other_risk_assessments\": []}','Data from Powders Inventory',125,'2024-08-19 20:17:36.000000','2024-08-19 20:17:36.000000'),(92,NULL,0,NULL,'UNKNOWN',1,0,0,0,0,'{\"documents\": [], \"current_supplier_risk_assesment_id\": null, \"current_lab_risk_assessment_id\": null, \"current_client_risk_assessment_id\": null, \"current_courier_risk_assessment_id\": null, \"current_other_risk_assessment_id\": null, \"supplier_risk_assessments\": [], \"lab_risk_assessments\": [], \"client_risk_assessments\": [], \"courier_risk_assessments\": [], \"other_risk_assessments\": []}','Data from Powders Inventory',126,'2024-08-19 20:17:36.000000','2024-08-19 20:17:36.000000'),(93,NULL,0,NULL,'High_Risk',1,0,0,0,0,'{\"documents\": [], \"current_supplier_risk_assesment_id\": null, \"current_lab_risk_assessment_id\": null, \"current_client_risk_assessment_id\": null, \"current_courier_risk_assessment_id\": null, \"current_other_risk_assessment_id\": null, \"supplier_risk_assessments\": [], \"lab_risk_assessments\": [], \"client_risk_assessments\": [], \"courier_risk_assessments\": [], \"other_risk_assessments\": []}','Data from Powders Inventory',127,'2024-08-19 20:17:36.000000','2024-08-19 20:17:36.000000'),(94,NULL,0,NULL,'UNKNOWN',1,0,0,0,0,'{\"documents\": [], \"current_supplier_risk_assesment_id\": null, \"current_lab_risk_assessment_id\": null, \"current_client_risk_assessment_id\": null, \"current_courier_risk_assessment_id\": null, \"current_other_risk_assessment_id\": null, \"supplier_risk_assessments\": [], \"lab_risk_assessments\": [], \"client_risk_assessments\": [], \"courier_risk_assessments\": [], \"other_risk_assessments\": []}','Data from Powders Inventory',128,'2024-08-19 20:17:36.000000','2024-08-19 20:17:36.000000'),(95,NULL,0,NULL,'UNKNOWN',1,0,0,0,0,'{\"documents\": [], \"current_supplier_risk_assesment_id\": null, \"current_lab_risk_assessment_id\": null, \"current_client_risk_assessment_id\": null, \"current_courier_risk_assessment_id\": null, \"current_other_risk_assessment_id\": null, \"supplier_risk_assessments\": [], \"lab_risk_assessments\": [], \"client_risk_assessments\": [], \"courier_risk_assessments\": [], \"other_risk_assessments\": []}','Data from Powders Inventory',129,'2024-08-19 20:17:36.000000','2024-08-19 20:17:36.000000'),(96,NULL,0,NULL,'UNKNOWN',1,0,0,0,0,'{\"documents\": [], \"current_supplier_risk_assesment_id\": null, \"current_lab_risk_assessment_id\": null, \"current_client_risk_assessment_id\": null, \"current_courier_risk_assessment_id\": null, \"current_other_risk_assessment_id\": null, \"supplier_risk_assessments\": [], \"lab_risk_assessments\": [], \"client_risk_assessments\": [], \"courier_risk_assessments\": [], \"other_risk_assessments\": []}','Data from Powders Inventory',130,'2024-08-19 20:17:36.000000','2024-08-19 20:17:36.000000'),(97,NULL,0,NULL,'UNKNOWN',1,0,0,0,0,'{\"documents\": [], \"current_supplier_risk_assesment_id\": null, \"current_lab_risk_assessment_id\": null, \"current_client_risk_assessment_id\": null, \"current_courier_risk_assessment_id\": null, \"current_other_risk_assessment_id\": null, \"supplier_risk_assessments\": [], \"lab_risk_assessments\": [], \"client_risk_assessments\": [], \"courier_risk_assessments\": [], \"other_risk_assessments\": []}','Data from Powders Inventory',131,'2024-08-19 20:17:36.000000','2024-08-19 20:17:36.000000'),(98,NULL,0,NULL,'UNKNOWN',1,0,0,0,0,'{\"documents\": [], \"current_supplier_risk_assesment_id\": null, \"current_lab_risk_assessment_id\": null, \"current_client_risk_assessment_id\": null, \"current_courier_risk_assessment_id\": null, \"current_other_risk_assessment_id\": null, \"supplier_risk_assessments\": [], \"lab_risk_assessments\": [], \"client_risk_assessments\": [], \"courier_risk_assessments\": [], \"other_risk_assessments\": []}','Data from Powders Inventory',132,'2024-08-19 20:17:36.000000','2024-08-19 20:17:36.000000'),(99,NULL,0,NULL,'UNKNOWN',1,0,0,0,0,'{\"documents\": [], \"current_supplier_risk_assesment_id\": null, \"current_lab_risk_assessment_id\": null, \"current_client_risk_assessment_id\": null, \"current_courier_risk_assessment_id\": null, \"current_other_risk_assessment_id\": null, \"supplier_risk_assessments\": [], \"lab_risk_assessments\": [], \"client_risk_assessments\": [], \"courier_risk_assessments\": [], \"other_risk_assessments\": []}','Data from Powders Inventory',133,'2024-08-19 20:17:36.000000','2024-08-19 20:17:36.000000'),(100,NULL,0,NULL,'UNKNOWN',1,0,0,0,0,'{\"documents\": [], \"current_supplier_risk_assesment_id\": null, \"current_lab_risk_assessment_id\": null, \"current_client_risk_assessment_id\": null, \"current_courier_risk_assessment_id\": null, \"current_other_risk_assessment_id\": null, \"supplier_risk_assessments\": [], \"lab_risk_assessments\": [], \"client_risk_assessments\": [], \"courier_risk_assessments\": [], \"other_risk_assessments\": []}','Data from Powders Inventory',134,'2024-08-19 20:17:36.000000','2024-08-19 20:17:36.000000'),(101,NULL,0,NULL,'UNKNOWN',1,0,0,0,0,'{\"documents\": [], \"current_supplier_risk_assesment_id\": null, \"current_lab_risk_assessment_id\": null, \"current_client_risk_assessment_id\": null, \"current_courier_risk_assessment_id\": null, \"current_other_risk_assessment_id\": null, \"supplier_risk_assessments\": [], \"lab_risk_assessments\": [], \"client_risk_assessments\": [], \"courier_risk_assessments\": [], \"other_risk_assessments\": []}','Data from Powders Inventory',135,'2024-08-19 20:17:36.000000','2024-08-19 20:17:36.000000'),(102,NULL,0,NULL,'UNKNOWN',1,0,0,0,0,'{\"documents\": [], \"current_supplier_risk_assesment_id\": null, \"current_lab_risk_assessment_id\": null, \"current_client_risk_assessment_id\": null, \"current_courier_risk_assessment_id\": null, \"current_other_risk_assessment_id\": null, \"supplier_risk_assessments\": [], \"lab_risk_assessments\": [], \"client_risk_assessments\": [], \"courier_risk_assessments\": [], \"other_risk_assessments\": []}','Data from Powders Inventory',136,'2024-08-19 20:17:36.000000','2024-08-19 20:17:36.000000'),(103,NULL,0,NULL,'UNKNOWN',1,0,0,0,0,'{\"documents\": [], \"current_supplier_risk_assesment_id\": null, \"current_lab_risk_assessment_id\": null, \"current_client_risk_assessment_id\": null, \"current_courier_risk_assessment_id\": null, \"current_other_risk_assessment_id\": null, \"supplier_risk_assessments\": [], \"lab_risk_assessments\": [], \"client_risk_assessments\": [], \"courier_risk_assessments\": [], \"other_risk_assessments\": []}','Data from Powders Inventory',137,'2024-08-19 20:17:36.000000','2024-08-19 20:17:36.000000'),(104,NULL,0,NULL,'UNKNOWN',1,0,0,0,0,'{\"documents\": [], \"current_supplier_risk_assesment_id\": null, \"current_lab_risk_assessment_id\": null, \"current_client_risk_assessment_id\": null, \"current_courier_risk_assessment_id\": null, \"current_other_risk_assessment_id\": null, \"supplier_risk_assessments\": [], \"lab_risk_assessments\": [], \"client_risk_assessments\": [], \"courier_risk_assessments\": [], \"other_risk_assessments\": []}','Data from Powders Inventory',138,'2024-08-19 20:17:36.000000','2024-08-19 20:17:36.000000'),(105,NULL,0,NULL,'UNKNOWN',1,0,0,0,0,'{\"documents\": [], \"current_supplier_risk_assesment_id\": null, \"current_lab_risk_assessment_id\": null, \"current_client_risk_assessment_id\": null, \"current_courier_risk_assessment_id\": null, \"current_other_risk_assessment_id\": null, \"supplier_risk_assessments\": [], \"lab_risk_assessments\": [], \"client_risk_assessments\": [], \"courier_risk_assessments\": [], \"other_risk_assessments\": []}','Data from Powders Inventory',139,'2024-08-19 20:17:36.000000','2024-08-19 20:17:36.000000'),(106,NULL,0,NULL,'UNKNOWN',1,0,0,0,0,'{\"documents\": [], \"current_supplier_risk_assesment_id\": null, \"current_lab_risk_assessment_id\": null, \"current_client_risk_assessment_id\": null, \"current_courier_risk_assessment_id\": null, \"current_other_risk_assessment_id\": null, \"supplier_risk_assessments\": [], \"lab_risk_assessments\": [], \"client_risk_assessments\": [], \"courier_risk_assessments\": [], \"other_risk_assessments\": []}','Data from Powders Inventory',140,'2024-08-19 20:17:36.000000','2024-08-19 20:17:36.000000'),(107,NULL,0,NULL,'High_Risk',1,0,0,0,0,'{\"documents\": [], \"current_supplier_risk_assesment_id\": null, \"current_lab_risk_assessment_id\": null, \"current_client_risk_assessment_id\": null, \"current_courier_risk_assessment_id\": null, \"current_other_risk_assessment_id\": null, \"supplier_risk_assessments\": [], \"lab_risk_assessments\": [], \"client_risk_assessments\": [], \"courier_risk_assessments\": [], \"other_risk_assessments\": []}','Data from Powders Inventory',141,'2024-08-19 20:17:36.000000','2024-08-19 20:17:36.000000'),(108,NULL,0,NULL,'UNKNOWN',1,0,0,0,0,'{\"documents\": [], \"current_supplier_risk_assesment_id\": null, \"current_lab_risk_assessment_id\": null, \"current_client_risk_assessment_id\": null, \"current_courier_risk_assessment_id\": null, \"current_other_risk_assessment_id\": null, \"supplier_risk_assessments\": [], \"lab_risk_assessments\": [], \"client_risk_assessments\": [], \"courier_risk_assessments\": [], \"other_risk_assessments\": []}','Data from Powders Inventory',142,'2024-08-19 20:17:36.000000','2024-08-19 20:17:36.000000'),(109,NULL,0,NULL,'High_Risk',1,0,0,0,0,'{\"documents\": [], \"current_supplier_risk_assesment_id\": null, \"current_lab_risk_assessment_id\": null, \"current_client_risk_assessment_id\": null, \"current_courier_risk_assessment_id\": null, \"current_other_risk_assessment_id\": null, \"supplier_risk_assessments\": [], \"lab_risk_assessments\": [], \"client_risk_assessments\": [], \"courier_risk_assessments\": [], \"other_risk_assessments\": []}','Data from Powders Inventory',143,'2024-08-19 20:17:36.000000','2024-08-19 20:17:36.000000'),(110,NULL,0,NULL,'UNKNOWN',1,0,0,0,0,'{\"documents\": [], \"current_supplier_risk_assesment_id\": null, \"current_lab_risk_assessment_id\": null, \"current_client_risk_assessment_id\": null, \"current_courier_risk_assessment_id\": null, \"current_other_risk_assessment_id\": null, \"supplier_risk_assessments\": [], \"lab_risk_assessments\": [], \"client_risk_assessments\": [], \"courier_risk_assessments\": [], \"other_risk_assessments\": []}','Data from Powders Inventory',144,'2024-08-19 20:17:36.000000','2024-08-19 20:17:36.000000'),(111,NULL,0,NULL,'UNKNOWN',1,0,0,0,0,'{\"documents\": [], \"current_supplier_risk_assesment_id\": null, \"current_lab_risk_assessment_id\": null, \"current_client_risk_assessment_id\": null, \"current_courier_risk_assessment_id\": null, \"current_other_risk_assessment_id\": null, \"supplier_risk_assessments\": [], \"lab_risk_assessments\": [], \"client_risk_assessments\": [], \"courier_risk_assessments\": [], \"other_risk_assessments\": []}','Data from Powders Inventory',145,'2024-08-19 20:17:36.000000','2024-08-19 20:17:36.000000'),(112,NULL,0,NULL,'UNKNOWN',1,0,0,0,0,'{\"documents\": [], \"current_supplier_risk_assesment_id\": null, \"current_lab_risk_assessment_id\": null, \"current_client_risk_assessment_id\": null, \"current_courier_risk_assessment_id\": null, \"current_other_risk_assessment_id\": null, \"supplier_risk_assessments\": [], \"lab_risk_assessments\": [], \"client_risk_assessments\": [], \"courier_risk_assessments\": [], \"other_risk_assessments\": []}','Data from Powders Inventory',146,'2024-08-19 20:17:36.000000','2024-08-19 20:17:36.000000'),(113,NULL,0,NULL,'UNKNOWN',1,0,0,0,0,'{\"documents\": [], \"current_supplier_risk_assesment_id\": null, \"current_lab_risk_assessment_id\": null, \"current_client_risk_assessment_id\": null, \"current_courier_risk_assessment_id\": null, \"current_other_risk_assessment_id\": null, \"supplier_risk_assessments\": [], \"lab_risk_assessments\": [], \"client_risk_assessments\": [], \"courier_risk_assessments\": [], \"other_risk_assessments\": []}','Data from Powders Inventory',147,'2024-08-19 20:17:36.000000','2024-08-19 20:17:36.000000'),(114,NULL,0,NULL,'UNKNOWN',1,0,0,0,0,'{\"documents\": [], \"current_supplier_risk_assesment_id\": null, \"current_lab_risk_assessment_id\": null, \"current_client_risk_assessment_id\": null, \"current_courier_risk_assessment_id\": null, \"current_other_risk_assessment_id\": null, \"supplier_risk_assessments\": [], \"lab_risk_assessments\": [], \"client_risk_assessments\": [], \"courier_risk_assessments\": [], \"other_risk_assessments\": []}','Data from Powders Inventory',148,'2024-08-19 20:17:36.000000','2024-08-19 20:17:36.000000'),(115,NULL,0,NULL,'UNKNOWN',1,0,0,0,0,'{\"documents\": [], \"current_supplier_risk_assesment_id\": null, \"current_lab_risk_assessment_id\": null, \"current_client_risk_assessment_id\": null, \"current_courier_risk_assessment_id\": null, \"current_other_risk_assessment_id\": null, \"supplier_risk_assessments\": [], \"lab_risk_assessments\": [], \"client_risk_assessments\": [], \"courier_risk_assessments\": [], \"other_risk_assessments\": []}','Data from Powders Inventory',149,'2024-08-19 20:17:36.000000','2024-08-19 20:17:36.000000'),(116,NULL,0,NULL,'UNKNOWN',1,0,0,0,0,'{\"documents\": [], \"current_supplier_risk_assesment_id\": null, \"current_lab_risk_assessment_id\": null, \"current_client_risk_assessment_id\": null, \"current_courier_risk_assessment_id\": null, \"current_other_risk_assessment_id\": null, \"supplier_risk_assessments\": [], \"lab_risk_assessments\": [], \"client_risk_assessments\": [], \"courier_risk_assessments\": [], \"other_risk_assessments\": []}','Data from Powders Inventory',150,'2024-08-19 20:17:36.000000','2024-08-19 20:17:36.000000'),(117,NULL,0,NULL,'UNKNOWN',1,0,0,0,0,'{\"documents\": [], \"current_supplier_risk_assesment_id\": null, \"current_lab_risk_assessment_id\": null, \"current_client_risk_assessment_id\": null, \"current_courier_risk_assessment_id\": null, \"current_other_risk_assessment_id\": null, \"supplier_risk_assessments\": [], \"lab_risk_assessments\": [], \"client_risk_assessments\": [], \"courier_risk_assessments\": [], \"other_risk_assessments\": []}','Data from Powders Inventory',151,'2024-08-19 20:17:36.000000','2024-08-19 20:17:36.000000'),(118,NULL,0,NULL,'High_Risk',1,0,0,0,0,'{\"documents\": [], \"current_supplier_risk_assesment_id\": null, \"current_lab_risk_assessment_id\": null, \"current_client_risk_assessment_id\": null, \"current_courier_risk_assessment_id\": null, \"current_other_risk_assessment_id\": null, \"supplier_risk_assessments\": [], \"lab_risk_assessments\": [], \"client_risk_assessments\": [], \"courier_risk_assessments\": [], \"other_risk_assessments\": []}','Data from Powders Inventory',152,'2024-08-19 20:17:36.000000','2024-08-19 20:17:36.000000'),(119,NULL,0,NULL,'UNKNOWN',1,0,0,0,0,'{\"documents\": [], \"current_supplier_risk_assesment_id\": null, \"current_lab_risk_assessment_id\": null, \"current_client_risk_assessment_id\": null, \"current_courier_risk_assessment_id\": null, \"current_other_risk_assessment_id\": null, \"supplier_risk_assessments\": [], \"lab_risk_assessments\": [], \"client_risk_assessments\": [], \"courier_risk_assessments\": [], \"other_risk_assessments\": []}','Data from Powders Inventory',153,'2024-08-19 20:17:36.000000','2024-08-19 20:17:36.000000'),(120,NULL,0,NULL,'UNKNOWN',1,0,0,0,0,'{\"documents\": [], \"current_supplier_risk_assesment_id\": null, \"current_lab_risk_assessment_id\": null, \"current_client_risk_assessment_id\": null, \"current_courier_risk_assessment_id\": null, \"current_other_risk_assessment_id\": null, \"supplier_risk_assessments\": [], \"lab_risk_assessments\": [], \"client_risk_assessments\": [], \"courier_risk_assessments\": [], \"other_risk_assessments\": []}','Data from Powders Inventory',154,'2024-08-19 20:17:36.000000','2024-08-19 20:17:36.000000'),(121,NULL,0,NULL,'UNKNOWN',1,0,0,0,0,'{\"documents\": [], \"current_supplier_risk_assesment_id\": null, \"current_lab_risk_assessment_id\": null, \"current_client_risk_assessment_id\": null, \"current_courier_risk_assessment_id\": null, \"current_other_risk_assessment_id\": null, \"supplier_risk_assessments\": [], \"lab_risk_assessments\": [], \"client_risk_assessments\": [], \"courier_risk_assessments\": [], \"other_risk_assessments\": []}','Data from Powders Inventory',155,'2024-08-19 20:17:36.000000','2024-08-19 20:17:36.000000'),(122,NULL,0,NULL,'UNKNOWN',1,0,0,0,0,'{\"documents\": [], \"current_supplier_risk_assesment_id\": null, \"current_lab_risk_assessment_id\": null, \"current_client_risk_assessment_id\": null, \"current_courier_risk_assessment_id\": null, \"current_other_risk_assessment_id\": null, \"supplier_risk_assessments\": [], \"lab_risk_assessments\": [], \"client_risk_assessments\": [], \"courier_risk_assessments\": [], \"other_risk_assessments\": []}','Data from Powders Inventory',156,'2024-08-19 20:17:36.000000','2024-08-19 20:17:36.000000'),(123,NULL,0,NULL,'UNKNOWN',1,0,0,0,0,'{\"documents\": [], \"current_supplier_risk_assesment_id\": null, \"current_lab_risk_assessment_id\": null, \"current_client_risk_assessment_id\": null, \"current_courier_risk_assessment_id\": null, \"current_other_risk_assessment_id\": null, \"supplier_risk_assessments\": [], \"lab_risk_assessments\": [], \"client_risk_assessments\": [], \"courier_risk_assessments\": [], \"other_risk_assessments\": []}','Data from Powders Inventory',157,'2024-08-19 20:17:36.000000','2024-08-19 20:17:36.000000'),(124,NULL,0,NULL,'UNKNOWN',1,0,0,0,0,'{\"documents\": [], \"current_supplier_risk_assesment_id\": null, \"current_lab_risk_assessment_id\": null, \"current_client_risk_assessment_id\": null, \"current_courier_risk_assessment_id\": null, \"current_other_risk_assessment_id\": null, \"supplier_risk_assessments\": [], \"lab_risk_assessments\": [], \"client_risk_assessments\": [], \"courier_risk_assessments\": [], \"other_risk_assessments\": []}','Data from Powders Inventory',158,'2024-08-19 20:17:36.000000','2024-08-19 20:17:36.000000'),(125,NULL,0,NULL,'Low_Risk',1,0,0,0,0,'{\"documents\": [], \"current_supplier_risk_assesment_id\": null, \"current_lab_risk_assessment_id\": null, \"current_client_risk_assessment_id\": null, \"current_courier_risk_assessment_id\": null, \"current_other_risk_assessment_id\": null, \"supplier_risk_assessments\": [], \"lab_risk_assessments\": [], \"client_risk_assessments\": [], \"courier_risk_assessments\": [], \"other_risk_assessments\": []}','Data from Powders Inventory',159,'2024-08-19 20:17:36.000000','2024-08-19 20:17:36.000000'),(126,NULL,0,NULL,'Low_Risk',1,0,0,0,0,'{\"documents\": [], \"current_supplier_risk_assesment_id\": null, \"current_lab_risk_assessment_id\": null, \"current_client_risk_assessment_id\": null, \"current_courier_risk_assessment_id\": null, \"current_other_risk_assessment_id\": null, \"supplier_risk_assessments\": [], \"lab_risk_assessments\": [], \"client_risk_assessments\": [], \"courier_risk_assessments\": [], \"other_risk_assessments\": []}','Data from Powders Inventory',160,'2024-08-19 20:17:36.000000','2024-08-19 20:17:36.000000'),(127,NULL,0,NULL,'UNKNOWN',1,0,0,0,0,'{\"documents\": [], \"current_supplier_risk_assesment_id\": null, \"current_lab_risk_assessment_id\": null, \"current_client_risk_assessment_id\": null, \"current_courier_risk_assessment_id\": null, \"current_other_risk_assessment_id\": null, \"supplier_risk_assessments\": [], \"lab_risk_assessments\": [], \"client_risk_assessments\": [], \"courier_risk_assessments\": [], \"other_risk_assessments\": []}','Data from Powders Inventory',161,'2024-08-19 20:17:36.000000','2024-08-19 20:17:36.000000'),(128,NULL,0,NULL,'UNKNOWN',1,0,0,0,0,'{\"documents\": [], \"current_supplier_risk_assesment_id\": null, \"current_lab_risk_assessment_id\": null, \"current_client_risk_assessment_id\": null, \"current_courier_risk_assessment_id\": null, \"current_other_risk_assessment_id\": null, \"supplier_risk_assessments\": [], \"lab_risk_assessments\": [], \"client_risk_assessments\": [], \"courier_risk_assessments\": [], \"other_risk_assessments\": []}','Data from Powders Inventory',162,'2024-08-19 20:17:36.000000','2024-08-19 20:17:36.000000'),(129,NULL,0,NULL,'UNKNOWN',1,0,0,0,0,'{\"documents\": [], \"current_supplier_risk_assesment_id\": null, \"current_lab_risk_assessment_id\": null, \"current_client_risk_assessment_id\": null, \"current_courier_risk_assessment_id\": null, \"current_other_risk_assessment_id\": null, \"supplier_risk_assessments\": [], \"lab_risk_assessments\": [], \"client_risk_assessments\": [], \"courier_risk_assessments\": [], \"other_risk_assessments\": []}','Data from Powders Inventory',163,'2024-08-19 20:17:36.000000','2024-08-19 20:17:36.000000'),(130,NULL,0,NULL,'UNKNOWN',1,0,0,0,0,'{\"documents\": [], \"current_supplier_risk_assesment_id\": null, \"current_lab_risk_assessment_id\": null, \"current_client_risk_assessment_id\": null, \"current_courier_risk_assessment_id\": null, \"current_other_risk_assessment_id\": null, \"supplier_risk_assessments\": [], \"lab_risk_assessments\": [], \"client_risk_assessments\": [], \"courier_risk_assessments\": [], \"other_risk_assessments\": []}','Data from Powders Inventory',164,'2024-08-19 20:17:36.000000','2024-08-19 20:17:36.000000'),(131,NULL,0,NULL,'UNKNOWN',1,0,0,0,0,'{\"documents\": [], \"current_supplier_risk_assesment_id\": null, \"current_lab_risk_assessment_id\": null, \"current_client_risk_assessment_id\": null, \"current_courier_risk_assessment_id\": null, \"current_other_risk_assessment_id\": null, \"supplier_risk_assessments\": [], \"lab_risk_assessments\": [], \"client_risk_assessments\": [], \"courier_risk_assessments\": [], \"other_risk_assessments\": []}','Data from Powders Inventory',165,'2024-08-19 20:17:36.000000','2024-08-19 20:17:36.000000'),(132,NULL,0,NULL,'UNKNOWN',1,0,0,0,0,'{\"documents\": [], \"current_supplier_risk_assesment_id\": null, \"current_lab_risk_assessment_id\": null, \"current_client_risk_assessment_id\": null, \"current_courier_risk_assessment_id\": null, \"current_other_risk_assessment_id\": null, \"supplier_risk_assessments\": [], \"lab_risk_assessments\": [], \"client_risk_assessments\": [], \"courier_risk_assessments\": [], \"other_risk_assessments\": []}','Data from Powders Inventory',166,'2024-08-19 20:17:36.000000','2024-08-19 20:17:36.000000'),(133,NULL,0,NULL,'High_Risk',1,0,0,0,0,'{\"documents\": [], \"current_supplier_risk_assesment_id\": null, \"current_lab_risk_assessment_id\": null, \"current_client_risk_assessment_id\": null, \"current_courier_risk_assessment_id\": null, \"current_other_risk_assessment_id\": null, \"supplier_risk_assessments\": [], \"lab_risk_assessments\": [], \"client_risk_assessments\": [], \"courier_risk_assessments\": [], \"other_risk_assessments\": []}','Data from Powders Inventory',167,'2024-08-19 20:17:36.000000','2024-08-19 20:17:36.000000'),(134,NULL,0,NULL,'UNKNOWN',1,0,0,0,0,'{\"documents\": [], \"current_supplier_risk_assesment_id\": null, \"current_lab_risk_assessment_id\": null, \"current_client_risk_assessment_id\": null, \"current_courier_risk_assessment_id\": null, \"current_other_risk_assessment_id\": null, \"supplier_risk_assessments\": [], \"lab_risk_assessments\": [], \"client_risk_assessments\": [], \"courier_risk_assessments\": [], \"other_risk_assessments\": []}','Data from Powders Inventory',168,'2024-08-19 20:17:36.000000','2024-08-19 20:17:36.000000'),(135,NULL,0,NULL,'UNKNOWN',1,0,0,0,0,'{\"documents\": [], \"current_supplier_risk_assesment_id\": null, \"current_lab_risk_assessment_id\": null, \"current_client_risk_assessment_id\": null, \"current_courier_risk_assessment_id\": null, \"current_other_risk_assessment_id\": null, \"supplier_risk_assessments\": [], \"lab_risk_assessments\": [], \"client_risk_assessments\": [], \"courier_risk_assessments\": [], \"other_risk_assessments\": []}','Data from Powders Inventory',169,'2024-08-19 20:17:36.000000','2024-08-19 20:17:36.000000'),(136,NULL,0,NULL,'UNKNOWN',1,0,0,0,0,'{\"documents\": [], \"current_supplier_risk_assesment_id\": null, \"current_lab_risk_assessment_id\": null, \"current_client_risk_assessment_id\": null, \"current_courier_risk_assessment_id\": null, \"current_other_risk_assessment_id\": null, \"supplier_risk_assessments\": [], \"lab_risk_assessments\": [], \"client_risk_assessments\": [], \"courier_risk_assessments\": [], \"other_risk_assessments\": []}','Data from Powders Inventory',170,'2024-08-19 20:17:36.000000','2024-08-19 20:17:36.000000'),(137,NULL,0,NULL,'UNKNOWN',1,0,0,0,0,'{\"documents\": [], \"current_supplier_risk_assesment_id\": null, \"current_lab_risk_assessment_id\": null, \"current_client_risk_assessment_id\": null, \"current_courier_risk_assessment_id\": null, \"current_other_risk_assessment_id\": null, \"supplier_risk_assessments\": [], \"lab_risk_assessments\": [], \"client_risk_assessments\": [], \"courier_risk_assessments\": [], \"other_risk_assessments\": []}','Data from Powders Inventory',171,'2024-08-19 20:17:36.000000','2024-08-19 20:17:36.000000'),(138,NULL,0,NULL,'UNKNOWN',1,0,0,0,0,'{\"documents\": [], \"current_supplier_risk_assesment_id\": null, \"current_lab_risk_assessment_id\": null, \"current_client_risk_assessment_id\": null, \"current_courier_risk_assessment_id\": null, \"current_other_risk_assessment_id\": null, \"supplier_risk_assessments\": [], \"lab_risk_assessments\": [], \"client_risk_assessments\": [], \"courier_risk_assessments\": [], \"other_risk_assessments\": []}','Data from Powders Inventory',172,'2024-08-19 20:17:36.000000','2024-08-19 20:17:36.000000'),(139,NULL,0,NULL,'UNKNOWN',1,0,0,0,0,'{\"documents\": [], \"current_supplier_risk_assesment_id\": null, \"current_lab_risk_assessment_id\": null, \"current_client_risk_assessment_id\": null, \"current_courier_risk_assessment_id\": null, \"current_other_risk_assessment_id\": null, \"supplier_risk_assessments\": [], \"lab_risk_assessments\": [], \"client_risk_assessments\": [], \"courier_risk_assessments\": [], \"other_risk_assessments\": []}','Data from Powders Inventory',173,'2024-08-19 20:17:36.000000','2024-08-19 20:17:36.000000'),(140,NULL,0,NULL,'UNKNOWN',1,0,0,0,0,'{\"documents\": [], \"current_supplier_risk_assesment_id\": null, \"current_lab_risk_assessment_id\": null, \"current_client_risk_assessment_id\": null, \"current_courier_risk_assessment_id\": null, \"current_other_risk_assessment_id\": null, \"supplier_risk_assessments\": [], \"lab_risk_assessments\": [], \"client_risk_assessments\": [], \"courier_risk_assessments\": [], \"other_risk_assessments\": []}','Data from Powders Inventory',174,'2024-08-19 20:17:36.000000','2024-08-19 20:17:36.000000'),(141,NULL,0,NULL,'UNKNOWN',1,0,0,0,0,'{\"documents\": [], \"current_supplier_risk_assesment_id\": null, \"current_lab_risk_assessment_id\": null, \"current_client_risk_assessment_id\": null, \"current_courier_risk_assessment_id\": null, \"current_other_risk_assessment_id\": null, \"supplier_risk_assessments\": [], \"lab_risk_assessments\": [], \"client_risk_assessments\": [], \"courier_risk_assessments\": [], \"other_risk_assessments\": []}','Data from Powders Inventory',175,'2024-08-19 20:17:36.000000','2024-08-19 20:17:36.000000'),(142,NULL,0,NULL,'UNKNOWN',1,0,0,0,0,'{\"documents\": [], \"current_supplier_risk_assesment_id\": null, \"current_lab_risk_assessment_id\": null, \"current_client_risk_assessment_id\": null, \"current_courier_risk_assessment_id\": null, \"current_other_risk_assessment_id\": null, \"supplier_risk_assessments\": [], \"lab_risk_assessments\": [], \"client_risk_assessments\": [], \"courier_risk_assessments\": [], \"other_risk_assessments\": []}','Data from Powders Inventory',176,'2024-08-19 20:17:36.000000','2024-08-19 20:17:36.000000'),(143,NULL,0,NULL,'UNKNOWN',1,0,0,0,0,'{\"documents\": [], \"current_supplier_risk_assesment_id\": null, \"current_lab_risk_assessment_id\": null, \"current_client_risk_assessment_id\": null, \"current_courier_risk_assessment_id\": null, \"current_other_risk_assessment_id\": null, \"supplier_risk_assessments\": [], \"lab_risk_assessments\": [], \"client_risk_assessments\": [], \"courier_risk_assessments\": [], \"other_risk_assessments\": []}','Data from Powders Inventory',177,'2024-08-19 20:17:36.000000','2024-08-19 20:17:36.000000'),(144,NULL,0,NULL,'UNKNOWN',1,0,0,0,0,'{\"documents\": [], \"current_supplier_risk_assesment_id\": null, \"current_lab_risk_assessment_id\": null, \"current_client_risk_assessment_id\": null, \"current_courier_risk_assessment_id\": null, \"current_other_risk_assessment_id\": null, \"supplier_risk_assessments\": [], \"lab_risk_assessments\": [], \"client_risk_assessments\": [], \"courier_risk_assessments\": [], \"other_risk_assessments\": []}','Data from Powders Inventory',178,'2024-08-19 20:17:36.000000','2024-08-19 20:17:36.000000'),(145,NULL,0,NULL,'High_Risk',1,0,0,0,0,'{\"documents\": [], \"current_supplier_risk_assesment_id\": null, \"current_lab_risk_assessment_id\": null, \"current_client_risk_assessment_id\": null, \"current_courier_risk_assessment_id\": null, \"current_other_risk_assessment_id\": null, \"supplier_risk_assessments\": [], \"lab_risk_assessments\": [], \"client_risk_assessments\": [], \"courier_risk_assessments\": [], \"other_risk_assessments\": []}','Data from Powders Inventory',179,'2024-08-19 20:17:36.000000','2024-08-19 20:17:36.000000'),(146,NULL,0,NULL,'UNKNOWN',1,0,0,0,0,'{\"documents\": [], \"current_supplier_risk_assesment_id\": null, \"current_lab_risk_assessment_id\": null, \"current_client_risk_assessment_id\": null, \"current_courier_risk_assessment_id\": null, \"current_other_risk_assessment_id\": null, \"supplier_risk_assessments\": [], \"lab_risk_assessments\": [], \"client_risk_assessments\": [], \"courier_risk_assessments\": [], \"other_risk_assessments\": []}','Data from Powders Inventory',180,'2024-08-19 20:17:36.000000','2024-08-19 20:17:36.000000'),(147,NULL,0,NULL,'UNKNOWN',1,0,0,0,0,'{\"documents\": [], \"current_supplier_risk_assesment_id\": null, \"current_lab_risk_assessment_id\": null, \"current_client_risk_assessment_id\": null, \"current_courier_risk_assessment_id\": null, \"current_other_risk_assessment_id\": null, \"supplier_risk_assessments\": [], \"lab_risk_assessments\": [], \"client_risk_assessments\": [], \"courier_risk_assessments\": [], \"other_risk_assessments\": []}','Data from Powders Inventory',181,'2024-08-19 20:17:36.000000','2024-08-19 20:17:36.000000'),(148,NULL,0,NULL,'High_Risk',1,0,0,0,0,'{\"documents\": [], \"current_supplier_risk_assesment_id\": null, \"current_lab_risk_assessment_id\": null, \"current_client_risk_assessment_id\": null, \"current_courier_risk_assessment_id\": null, \"current_other_risk_assessment_id\": null, \"supplier_risk_assessments\": [], \"lab_risk_assessments\": [], \"client_risk_assessments\": [], \"courier_risk_assessments\": [], \"other_risk_assessments\": []}','Data from Powders Inventory',182,'2024-08-19 20:17:36.000000','2024-08-19 20:17:36.000000'),(149,NULL,0,NULL,'UNKNOWN',1,0,0,0,0,'{\"documents\": [], \"current_supplier_risk_assesment_id\": null, \"current_lab_risk_assessment_id\": null, \"current_client_risk_assessment_id\": null, \"current_courier_risk_assessment_id\": null, \"current_other_risk_assessment_id\": null, \"supplier_risk_assessments\": [], \"lab_risk_assessments\": [], \"client_risk_assessments\": [], \"courier_risk_assessments\": [], \"other_risk_assessments\": []}','Data from Powders Inventory',183,'2024-08-19 20:17:36.000000','2024-08-19 20:17:36.000000'),(150,NULL,0,NULL,'UNKNOWN',1,0,0,0,0,'{\"documents\": [], \"current_supplier_risk_assesment_id\": null, \"current_lab_risk_assessment_id\": null, \"current_client_risk_assessment_id\": null, \"current_courier_risk_assessment_id\": null, \"current_other_risk_assessment_id\": null, \"supplier_risk_assessments\": [], \"lab_risk_assessments\": [], \"client_risk_assessments\": [], \"courier_risk_assessments\": [], \"other_risk_assessments\": []}','Data from Powders Inventory',184,'2024-08-19 20:17:36.000000','2024-08-19 20:17:36.000000'),(151,NULL,0,NULL,'High_Risk',1,0,0,0,0,'{\"documents\": [], \"current_supplier_risk_assesment_id\": null, \"current_lab_risk_assessment_id\": null, \"current_client_risk_assessment_id\": null, \"current_courier_risk_assessment_id\": null, \"current_other_risk_assessment_id\": null, \"supplier_risk_assessments\": [], \"lab_risk_assessments\": [], \"client_risk_assessments\": [], \"courier_risk_assessments\": [], \"other_risk_assessments\": []}','Data from Powders Inventory',185,'2024-08-19 20:17:36.000000','2024-08-19 20:17:36.000000'),(152,NULL,0,NULL,'UNKNOWN',1,0,0,0,0,'{\"documents\": [], \"current_supplier_risk_assesment_id\": null, \"current_lab_risk_assessment_id\": null, \"current_client_risk_assessment_id\": null, \"current_courier_risk_assessment_id\": null, \"current_other_risk_assessment_id\": null, \"supplier_risk_assessments\": [], \"lab_risk_assessments\": [], \"client_risk_assessments\": [], \"courier_risk_assessments\": [], \"other_risk_assessments\": []}','Data from Powders Inventory',186,'2024-08-19 20:17:36.000000','2024-08-19 20:17:36.000000'),(153,NULL,0,NULL,'UNKNOWN',1,0,0,0,0,'{\"documents\": [], \"current_supplier_risk_assesment_id\": null, \"current_lab_risk_assessment_id\": null, \"current_client_risk_assessment_id\": null, \"current_courier_risk_assessment_id\": null, \"current_other_risk_assessment_id\": null, \"supplier_risk_assessments\": [], \"lab_risk_assessments\": [], \"client_risk_assessments\": [], \"courier_risk_assessments\": [], \"other_risk_assessments\": []}','Data from Powders Inventory',187,'2024-08-19 20:17:36.000000','2024-08-19 20:17:36.000000'),(154,NULL,0,NULL,'UNKNOWN',1,0,0,0,0,'{\"documents\": [], \"current_supplier_risk_assesment_id\": null, \"current_lab_risk_assessment_id\": null, \"current_client_risk_assessment_id\": null, \"current_courier_risk_assessment_id\": null, \"current_other_risk_assessment_id\": null, \"supplier_risk_assessments\": [], \"lab_risk_assessments\": [], \"client_risk_assessments\": [], \"courier_risk_assessments\": [], \"other_risk_assessments\": []}','Data from Powders Inventory',188,'2024-08-19 20:17:36.000000','2024-08-19 20:17:36.000000'),(155,NULL,0,NULL,'UNKNOWN',1,0,0,0,0,'{\"documents\": [], \"current_supplier_risk_assesment_id\": null, \"current_lab_risk_assessment_id\": null, \"current_client_risk_assessment_id\": null, \"current_courier_risk_assessment_id\": null, \"current_other_risk_assessment_id\": null, \"supplier_risk_assessments\": [], \"lab_risk_assessments\": [], \"client_risk_assessments\": [], \"courier_risk_assessments\": [], \"other_risk_assessments\": []}','Data from Powders Inventory',189,'2024-08-19 20:17:36.000000','2024-08-19 20:17:36.000000'),(156,NULL,0,NULL,'UNKNOWN',1,0,0,0,0,'{\"documents\": [], \"current_supplier_risk_assesment_id\": null, \"current_lab_risk_assessment_id\": null, \"current_client_risk_assessment_id\": null, \"current_courier_risk_assessment_id\": null, \"current_other_risk_assessment_id\": null, \"supplier_risk_assessments\": [], \"lab_risk_assessments\": [], \"client_risk_assessments\": [], \"courier_risk_assessments\": [], \"other_risk_assessments\": []}','Data from Powders Inventory',190,'2024-08-19 20:17:36.000000','2024-08-19 20:17:36.000000'),(157,NULL,0,NULL,'UNKNOWN',1,0,0,0,0,'{\"documents\": [], \"current_supplier_risk_assesment_id\": null, \"current_lab_risk_assessment_id\": null, \"current_client_risk_assessment_id\": null, \"current_courier_risk_assessment_id\": null, \"current_other_risk_assessment_id\": null, \"supplier_risk_assessments\": [], \"lab_risk_assessments\": [], \"client_risk_assessments\": [], \"courier_risk_assessments\": [], \"other_risk_assessments\": []}','Data from Powders Inventory',191,'2024-08-19 20:17:36.000000','2024-08-19 20:17:36.000000'),(158,NULL,0,NULL,'UNKNOWN',1,0,0,0,0,'{\"documents\": [], \"current_supplier_risk_assesment_id\": null, \"current_lab_risk_assessment_id\": null, \"current_client_risk_assessment_id\": null, \"current_courier_risk_assessment_id\": null, \"current_other_risk_assessment_id\": null, \"supplier_risk_assessments\": [], \"lab_risk_assessments\": [], \"client_risk_assessments\": [], \"courier_risk_assessments\": [], \"other_risk_assessments\": []}','Data from Powders Inventory',192,'2024-08-19 20:17:36.000000','2024-08-19 20:17:36.000000'),(159,NULL,0,NULL,'UNKNOWN',1,0,0,0,0,'{\"documents\": [], \"current_supplier_risk_assesment_id\": null, \"current_lab_risk_assessment_id\": null, \"current_client_risk_assessment_id\": null, \"current_courier_risk_assessment_id\": null, \"current_other_risk_assessment_id\": null, \"supplier_risk_assessments\": [], \"lab_risk_assessments\": [], \"client_risk_assessments\": [], \"courier_risk_assessments\": [], \"other_risk_assessments\": []}','Data from Powders Inventory',193,'2024-08-19 20:17:36.000000','2024-08-19 20:17:36.000000'),(160,NULL,0,NULL,'UNKNOWN',1,0,0,0,0,'{\"documents\": [], \"current_supplier_risk_assesment_id\": null, \"current_lab_risk_assessment_id\": null, \"current_client_risk_assessment_id\": null, \"current_courier_risk_assessment_id\": null, \"current_other_risk_assessment_id\": null, \"supplier_risk_assessments\": [], \"lab_risk_assessments\": [], \"client_risk_assessments\": [], \"courier_risk_assessments\": [], \"other_risk_assessments\": []}','Data from Powders Inventory',194,'2024-08-19 20:17:36.000000','2024-08-19 20:17:36.000000'),(161,NULL,0,NULL,'UNKNOWN',1,0,0,0,0,'{\"documents\": [], \"current_supplier_risk_assesment_id\": null, \"current_lab_risk_assessment_id\": null, \"current_client_risk_assessment_id\": null, \"current_courier_risk_assessment_id\": null, \"current_other_risk_assessment_id\": null, \"supplier_risk_assessments\": [], \"lab_risk_assessments\": [], \"client_risk_assessments\": [], \"courier_risk_assessments\": [], \"other_risk_assessments\": []}','Data from Powders Inventory',195,'2024-08-19 20:17:36.000000','2024-08-19 20:17:36.000000'),(162,NULL,0,NULL,'UNKNOWN',1,0,0,0,0,'{\"documents\": [], \"current_supplier_risk_assesment_id\": null, \"current_lab_risk_assessment_id\": null, \"current_client_risk_assessment_id\": null, \"current_courier_risk_assessment_id\": null, \"current_other_risk_assessment_id\": null, \"supplier_risk_assessments\": [], \"lab_risk_assessments\": [], \"client_risk_assessments\": [], \"courier_risk_assessments\": [], \"other_risk_assessments\": []}','Data from Powders Inventory',196,'2024-08-19 20:17:36.000000','2024-08-19 20:17:36.000000'),(163,NULL,0,NULL,'UNKNOWN',1,0,0,0,0,'{\"documents\": [], \"current_supplier_risk_assesment_id\": null, \"current_lab_risk_assessment_id\": null, \"current_client_risk_assessment_id\": null, \"current_courier_risk_assessment_id\": null, \"current_other_risk_assessment_id\": null, \"supplier_risk_assessments\": [], \"lab_risk_assessments\": [], \"client_risk_assessments\": [], \"courier_risk_assessments\": [], \"other_risk_assessments\": []}','Data from Powders Inventory',197,'2024-08-19 20:17:36.000000','2024-08-19 20:17:36.000000'),(164,NULL,0,NULL,'UNKNOWN',1,0,0,0,0,'{\"documents\": [], \"current_supplier_risk_assesment_id\": null, \"current_lab_risk_assessment_id\": null, \"current_client_risk_assessment_id\": null, \"current_courier_risk_assessment_id\": null, \"current_other_risk_assessment_id\": null, \"supplier_risk_assessments\": [], \"lab_risk_assessments\": [], \"client_risk_assessments\": [], \"courier_risk_assessments\": [], \"other_risk_assessments\": []}','Data from Powders Inventory',198,'2024-08-19 20:17:36.000000','2024-08-19 20:17:36.000000'),(165,NULL,0,NULL,'UNKNOWN',1,0,0,0,0,'{\"documents\": [], \"current_supplier_risk_assesment_id\": null, \"current_lab_risk_assessment_id\": null, \"current_client_risk_assessment_id\": null, \"current_courier_risk_assessment_id\": null, \"current_other_risk_assessment_id\": null, \"supplier_risk_assessments\": [], \"lab_risk_assessments\": [], \"client_risk_assessments\": [], \"courier_risk_assessments\": [], \"other_risk_assessments\": []}','Data from Powders Inventory',199,'2024-08-19 20:17:36.000000','2024-08-19 20:17:36.000000'),(166,NULL,0,NULL,'UNKNOWN',1,0,0,0,0,'{\"documents\": [], \"current_supplier_risk_assesment_id\": null, \"current_lab_risk_assessment_id\": null, \"current_client_risk_assessment_id\": null, \"current_courier_risk_assessment_id\": null, \"current_other_risk_assessment_id\": null, \"supplier_risk_assessments\": [], \"lab_risk_assessments\": [], \"client_risk_assessments\": [], \"courier_risk_assessments\": [], \"other_risk_assessments\": []}','Data from Powders Inventory',200,'2024-08-19 20:17:36.000000','2024-08-19 20:17:36.000000'),(167,NULL,0,NULL,'High_Risk',1,0,0,0,0,'{\"documents\": [], \"current_supplier_risk_assesment_id\": null, \"current_lab_risk_assessment_id\": null, \"current_client_risk_assessment_id\": null, \"current_courier_risk_assessment_id\": null, \"current_other_risk_assessment_id\": null, \"supplier_risk_assessments\": [], \"lab_risk_assessments\": [], \"client_risk_assessments\": [], \"courier_risk_assessments\": [], \"other_risk_assessments\": []}','Data from Powders Inventory',201,'2024-08-19 20:17:36.000000','2024-08-19 20:17:36.000000'),(168,NULL,0,NULL,'UNKNOWN',1,0,0,0,0,'{\"documents\": [], \"current_supplier_risk_assesment_id\": null, \"current_lab_risk_assessment_id\": null, \"current_client_risk_assessment_id\": null, \"current_courier_risk_assessment_id\": null, \"current_other_risk_assessment_id\": null, \"supplier_risk_assessments\": [], \"lab_risk_assessments\": [], \"client_risk_assessments\": [], \"courier_risk_assessments\": [], \"other_risk_assessments\": []}','Data from Powders Inventory',202,'2024-08-19 20:17:36.000000','2024-08-19 20:17:36.000000'),(169,NULL,0,NULL,'High_Risk',1,0,0,0,0,'{\"documents\": [], \"current_supplier_risk_assesment_id\": null, \"current_lab_risk_assessment_id\": null, \"current_client_risk_assessment_id\": null, \"current_courier_risk_assessment_id\": null, \"current_other_risk_assessment_id\": null, \"supplier_risk_assessments\": [], \"lab_risk_assessments\": [], \"client_risk_assessments\": [], \"courier_risk_assessments\": [], \"other_risk_assessments\": []}','Data from Powders Inventory',203,'2024-08-19 20:17:36.000000','2024-08-19 20:17:36.000000'),(170,NULL,0,NULL,'UNKNOWN',1,0,0,0,0,'{\"documents\": [], \"current_supplier_risk_assesment_id\": null, \"current_lab_risk_assessment_id\": null, \"current_client_risk_assessment_id\": null, \"current_courier_risk_assessment_id\": null, \"current_other_risk_assessment_id\": null, \"supplier_risk_assessments\": [], \"lab_risk_assessments\": [], \"client_risk_assessments\": [], \"courier_risk_assessments\": [], \"other_risk_assessments\": []}','Data from Powders Inventory',204,'2024-08-19 20:17:36.000000','2024-08-19 20:17:36.000000'),(171,NULL,0,NULL,'UNKNOWN',1,0,0,0,0,'{\"documents\": [], \"current_supplier_risk_assesment_id\": null, \"current_lab_risk_assessment_id\": null, \"current_client_risk_assessment_id\": null, \"current_courier_risk_assessment_id\": null, \"current_other_risk_assessment_id\": null, \"supplier_risk_assessments\": [], \"lab_risk_assessments\": [], \"client_risk_assessments\": [], \"courier_risk_assessments\": [], \"other_risk_assessments\": []}','Data from Powders Inventory',205,'2024-08-19 20:17:36.000000','2024-08-19 20:17:36.000000'),(172,NULL,0,NULL,'UNKNOWN',1,0,0,0,0,'{\"documents\": [], \"current_supplier_risk_assesment_id\": null, \"current_lab_risk_assessment_id\": null, \"current_client_risk_assessment_id\": null, \"current_courier_risk_assessment_id\": null, \"current_other_risk_assessment_id\": null, \"supplier_risk_assessments\": [], \"lab_risk_assessments\": [], \"client_risk_assessments\": [], \"courier_risk_assessments\": [], \"other_risk_assessments\": []}','Data from Powders Inventory',206,'2024-08-19 20:17:36.000000','2024-08-19 20:17:36.000000'),(173,NULL,0,NULL,'UNKNOWN',1,0,0,0,0,'{\"documents\": [], \"current_supplier_risk_assesment_id\": null, \"current_lab_risk_assessment_id\": null, \"current_client_risk_assessment_id\": null, \"current_courier_risk_assessment_id\": null, \"current_other_risk_assessment_id\": null, \"supplier_risk_assessments\": [], \"lab_risk_assessments\": [], \"client_risk_assessments\": [], \"courier_risk_assessments\": [], \"other_risk_assessments\": []}','Data from Powders Inventory',207,'2024-08-19 20:17:36.000000','2024-08-19 20:17:36.000000'),(174,NULL,0,NULL,'High_Risk',1,0,0,0,0,'{\"documents\": [], \"current_supplier_risk_assesment_id\": null, \"current_lab_risk_assessment_id\": null, \"current_client_risk_assessment_id\": null, \"current_courier_risk_assessment_id\": null, \"current_other_risk_assessment_id\": null, \"supplier_risk_assessments\": [], \"lab_risk_assessments\": [], \"client_risk_assessments\": [], \"courier_risk_assessments\": [], \"other_risk_assessments\": []}','Data from Powders Inventory',208,'2024-08-19 20:17:36.000000','2024-08-19 20:17:36.000000'),(175,NULL,0,NULL,'UNKNOWN',1,0,0,0,0,'{\"documents\": [], \"current_supplier_risk_assesment_id\": null, \"current_lab_risk_assessment_id\": null, \"current_client_risk_assessment_id\": null, \"current_courier_risk_assessment_id\": null, \"current_other_risk_assessment_id\": null, \"supplier_risk_assessments\": [], \"lab_risk_assessments\": [], \"client_risk_assessments\": [], \"courier_risk_assessments\": [], \"other_risk_assessments\": []}','Data from Powders Inventory',209,'2024-08-19 20:17:36.000000','2024-08-19 20:17:36.000000'),(176,NULL,0,NULL,'UNKNOWN',1,0,0,0,0,'{\"documents\": [], \"current_supplier_risk_assesment_id\": null, \"current_lab_risk_assessment_id\": null, \"current_client_risk_assessment_id\": null, \"current_courier_risk_assessment_id\": null, \"current_other_risk_assessment_id\": null, \"supplier_risk_assessments\": [], \"lab_risk_assessments\": [], \"client_risk_assessments\": [], \"courier_risk_assessments\": [], \"other_risk_assessments\": []}','Data from Powders Inventory',210,'2024-08-19 20:17:36.000000','2024-08-19 20:17:36.000000'),(177,NULL,0,NULL,'UNKNOWN',1,0,0,0,0,'{\"documents\": [], \"current_supplier_risk_assesment_id\": null, \"current_lab_risk_assessment_id\": null, \"current_client_risk_assessment_id\": null, \"current_courier_risk_assessment_id\": null, \"current_other_risk_assessment_id\": null, \"supplier_risk_assessments\": [], \"lab_risk_assessments\": [], \"client_risk_assessments\": [], \"courier_risk_assessments\": [], \"other_risk_assessments\": []}','Data from Powders Inventory',211,'2024-08-19 20:17:36.000000','2024-08-19 20:17:36.000000'),(178,NULL,0,NULL,'UNKNOWN',1,0,0,0,0,'{\"documents\": [], \"current_supplier_risk_assesment_id\": null, \"current_lab_risk_assessment_id\": null, \"current_client_risk_assessment_id\": null, \"current_courier_risk_assessment_id\": null, \"current_other_risk_assessment_id\": null, \"supplier_risk_assessments\": [], \"lab_risk_assessments\": [], \"client_risk_assessments\": [], \"courier_risk_assessments\": [], \"other_risk_assessments\": []}','Data from Powders Inventory',212,'2024-08-19 20:17:36.000000','2024-08-19 20:17:36.000000'),(179,NULL,0,NULL,'UNKNOWN',1,0,0,0,0,'{\"documents\": [], \"current_supplier_risk_assesment_id\": null, \"current_lab_risk_assessment_id\": null, \"current_client_risk_assessment_id\": null, \"current_courier_risk_assessment_id\": null, \"current_other_risk_assessment_id\": null, \"supplier_risk_assessments\": [], \"lab_risk_assessments\": [], \"client_risk_assessments\": [], \"courier_risk_assessments\": [], \"other_risk_assessments\": []}','Data from Powders Inventory',213,'2024-08-19 20:17:36.000000','2024-08-19 20:17:36.000000'),(180,NULL,0,NULL,'UNKNOWN',1,0,0,0,0,'{\"documents\": [], \"current_supplier_risk_assesment_id\": null, \"current_lab_risk_assessment_id\": null, \"current_client_risk_assessment_id\": null, \"current_courier_risk_assessment_id\": null, \"current_other_risk_assessment_id\": null, \"supplier_risk_assessments\": [], \"lab_risk_assessments\": [], \"client_risk_assessments\": [], \"courier_risk_assessments\": [], \"other_risk_assessments\": []}','Data from Powders Inventory',214,'2024-08-19 20:17:36.000000','2024-08-19 20:17:36.000000'),(181,NULL,0,NULL,'Low_Risk',1,0,0,0,0,'{\"documents\": [], \"current_supplier_risk_assesment_id\": null, \"current_lab_risk_assessment_id\": null, \"current_client_risk_assessment_id\": null, \"current_courier_risk_assessment_id\": null, \"current_other_risk_assessment_id\": null, \"supplier_risk_assessments\": [], \"lab_risk_assessments\": [], \"client_risk_assessments\": [], \"courier_risk_assessments\": [], \"other_risk_assessments\": []}','Data from Powders Inventory',215,'2024-08-19 20:17:36.000000','2024-08-19 20:17:36.000000'),(182,NULL,0,NULL,'UNKNOWN',1,0,0,0,0,'{\"documents\": [], \"current_supplier_risk_assesment_id\": null, \"current_lab_risk_assessment_id\": null, \"current_client_risk_assessment_id\": null, \"current_courier_risk_assessment_id\": null, \"current_other_risk_assessment_id\": null, \"supplier_risk_assessments\": [], \"lab_risk_assessments\": [], \"client_risk_assessments\": [], \"courier_risk_assessments\": [], \"other_risk_assessments\": []}','Data from Powders Inventory',216,'2024-08-19 20:17:36.000000','2024-08-19 20:17:36.000000'),(183,NULL,0,NULL,'UNKNOWN',1,0,0,0,0,'{\"documents\": [], \"current_supplier_risk_assesment_id\": null, \"current_lab_risk_assessment_id\": null, \"current_client_risk_assessment_id\": null, \"current_courier_risk_assessment_id\": null, \"current_other_risk_assessment_id\": null, \"supplier_risk_assessments\": [], \"lab_risk_assessments\": [], \"client_risk_assessments\": [], \"courier_risk_assessments\": [], \"other_risk_assessments\": []}','Data from Powders Inventory',217,'2024-08-19 20:17:36.000000','2024-08-19 20:17:36.000000'),(184,NULL,0,NULL,'UNKNOWN',1,0,0,0,0,'{\"documents\": [], \"current_supplier_risk_assesment_id\": null, \"current_lab_risk_assessment_id\": null, \"current_client_risk_assessment_id\": null, \"current_courier_risk_assessment_id\": null, \"current_other_risk_assessment_id\": null, \"supplier_risk_assessments\": [], \"lab_risk_assessments\": [], \"client_risk_assessments\": [], \"courier_risk_assessments\": [], \"other_risk_assessments\": []}','Data from Powders Inventory',218,'2024-08-19 20:17:36.000000','2024-08-19 20:17:36.000000'),(185,NULL,0,NULL,'Low_Risk',1,0,0,0,0,'{\"documents\": [], \"current_supplier_risk_assesment_id\": null, \"current_lab_risk_assessment_id\": null, \"current_client_risk_assessment_id\": null, \"current_courier_risk_assessment_id\": null, \"current_other_risk_assessment_id\": null, \"supplier_risk_assessments\": [], \"lab_risk_assessments\": [], \"client_risk_assessments\": [], \"courier_risk_assessments\": [], \"other_risk_assessments\": []}','Data from Powders Inventory',219,'2024-08-19 20:17:36.000000','2024-08-19 20:17:36.000000'),(186,NULL,0,NULL,'UNKNOWN',1,0,0,0,0,'{\"documents\": [], \"current_supplier_risk_assesment_id\": null, \"current_lab_risk_assessment_id\": null, \"current_client_risk_assessment_id\": null, \"current_courier_risk_assessment_id\": null, \"current_other_risk_assessment_id\": null, \"supplier_risk_assessments\": [], \"lab_risk_assessments\": [], \"client_risk_assessments\": [], \"courier_risk_assessments\": [], \"other_risk_assessments\": []}','Data from Powders Inventory',220,'2024-08-19 20:17:36.000000','2024-08-19 20:17:36.000000'),(187,NULL,0,NULL,'UNKNOWN',1,0,0,0,0,'{\"documents\": [], \"current_supplier_risk_assesment_id\": null, \"current_lab_risk_assessment_id\": null, \"current_client_risk_assessment_id\": null, \"current_courier_risk_assessment_id\": null, \"current_other_risk_assessment_id\": null, \"supplier_risk_assessments\": [], \"lab_risk_assessments\": [], \"client_risk_assessments\": [], \"courier_risk_assessments\": [], \"other_risk_assessments\": []}','Data from Powders Inventory',221,'2024-08-19 20:17:36.000000','2024-08-19 20:17:36.000000'),(188,NULL,0,NULL,'UNKNOWN',1,0,0,0,0,'{\"documents\": [], \"current_supplier_risk_assesment_id\": null, \"current_lab_risk_assessment_id\": null, \"current_client_risk_assessment_id\": null, \"current_courier_risk_assessment_id\": null, \"current_other_risk_assessment_id\": null, \"supplier_risk_assessments\": [], \"lab_risk_assessments\": [], \"client_risk_assessments\": [], \"courier_risk_assessments\": [], \"other_risk_assessments\": []}','Data from Powders Inventory',222,'2024-08-19 20:17:36.000000','2024-08-19 20:17:36.000000'),(189,NULL,0,NULL,'UNKNOWN',1,0,0,0,0,'{\"documents\": [], \"current_supplier_risk_assesment_id\": null, \"current_lab_risk_assessment_id\": null, \"current_client_risk_assessment_id\": null, \"current_courier_risk_assessment_id\": null, \"current_other_risk_assessment_id\": null, \"supplier_risk_assessments\": [], \"lab_risk_assessments\": [], \"client_risk_assessments\": [], \"courier_risk_assessments\": [], \"other_risk_assessments\": []}','Data from Powders Inventory',223,'2024-08-19 20:17:36.000000','2024-08-19 20:17:36.000000'),(190,NULL,0,NULL,'UNKNOWN',1,0,0,0,0,'{\"documents\": [], \"current_supplier_risk_assesment_id\": null, \"current_lab_risk_assessment_id\": null, \"current_client_risk_assessment_id\": null, \"current_courier_risk_assessment_id\": null, \"current_other_risk_assessment_id\": null, \"supplier_risk_assessments\": [], \"lab_risk_assessments\": [], \"client_risk_assessments\": [], \"courier_risk_assessments\": [], \"other_risk_assessments\": []}','Data from Powders Inventory',224,'2024-08-19 20:17:36.000000','2024-08-19 20:17:36.000000'),(191,NULL,0,NULL,'UNKNOWN',1,0,0,0,0,'{\"documents\": [], \"current_supplier_risk_assesment_id\": null, \"current_lab_risk_assessment_id\": null, \"current_client_risk_assessment_id\": null, \"current_courier_risk_assessment_id\": null, \"current_other_risk_assessment_id\": null, \"supplier_risk_assessments\": [], \"lab_risk_assessments\": [], \"client_risk_assessments\": [], \"courier_risk_assessments\": [], \"other_risk_assessments\": []}','Data from Powders Inventory',225,'2024-08-19 20:17:36.000000','2024-08-19 20:17:36.000000'),(192,NULL,0,NULL,'UNKNOWN',1,0,0,0,0,'{\"documents\": [], \"current_supplier_risk_assesment_id\": null, \"current_lab_risk_assessment_id\": null, \"current_client_risk_assessment_id\": null, \"current_courier_risk_assessment_id\": null, \"current_other_risk_assessment_id\": null, \"supplier_risk_assessments\": [], \"lab_risk_assessments\": [], \"client_risk_assessments\": [], \"courier_risk_assessments\": [], \"other_risk_assessments\": []}','Data from Powders Inventory',226,'2024-08-19 20:17:36.000000','2024-08-19 20:17:36.000000'),(193,NULL,0,NULL,'UNKNOWN',1,0,0,0,0,'{\"documents\": [], \"current_supplier_risk_assesment_id\": null, \"current_lab_risk_assessment_id\": null, \"current_client_risk_assessment_id\": null, \"current_courier_risk_assessment_id\": null, \"current_other_risk_assessment_id\": null, \"supplier_risk_assessments\": [], \"lab_risk_assessments\": [], \"client_risk_assessments\": [], \"courier_risk_assessments\": [], \"other_risk_assessments\": []}','Data from Powders Inventory',227,'2024-08-19 20:17:36.000000','2024-08-19 20:17:36.000000'),(194,NULL,0,NULL,'UNKNOWN',1,0,0,0,0,'{\"documents\": [], \"current_supplier_risk_assesment_id\": null, \"current_lab_risk_assessment_id\": null, \"current_client_risk_assessment_id\": null, \"current_courier_risk_assessment_id\": null, \"current_other_risk_assessment_id\": null, \"supplier_risk_assessments\": [], \"lab_risk_assessments\": [], \"client_risk_assessments\": [], \"courier_risk_assessments\": [], \"other_risk_assessments\": []}','Data from Powders Inventory',228,'2024-08-19 20:17:36.000000','2024-08-19 20:17:36.000000'),(195,NULL,0,NULL,'UNKNOWN',1,0,0,0,0,'{\"documents\": [], \"current_supplier_risk_assesment_id\": null, \"current_lab_risk_assessment_id\": null, \"current_client_risk_assessment_id\": null, \"current_courier_risk_assessment_id\": null, \"current_other_risk_assessment_id\": null, \"supplier_risk_assessments\": [], \"lab_risk_assessments\": [], \"client_risk_assessments\": [], \"courier_risk_assessments\": [], \"other_risk_assessments\": []}','Data from Powders Inventory',229,'2024-08-19 20:17:36.000000','2024-08-19 20:17:36.000000'),(196,NULL,0,NULL,'UNKNOWN',1,0,0,0,0,'{\"documents\": [], \"current_supplier_risk_assesment_id\": null, \"current_lab_risk_assessment_id\": null, \"current_client_risk_assessment_id\": null, \"current_courier_risk_assessment_id\": null, \"current_other_risk_assessment_id\": null, \"supplier_risk_assessments\": [], \"lab_risk_assessments\": [], \"client_risk_assessments\": [], \"courier_risk_assessments\": [], \"other_risk_assessments\": []}','Data from Powders Inventory',230,'2024-08-19 20:17:36.000000','2024-08-19 20:17:36.000000'),(197,NULL,0,NULL,'UNKNOWN',1,0,0,0,0,'{\"documents\": [], \"current_supplier_risk_assesment_id\": null, \"current_lab_risk_assessment_id\": null, \"current_client_risk_assessment_id\": null, \"current_courier_risk_assessment_id\": null, \"current_other_risk_assessment_id\": null, \"supplier_risk_assessments\": [], \"lab_risk_assessments\": [], \"client_risk_assessments\": [], \"courier_risk_assessments\": [], \"other_risk_assessments\": []}','Data from Powders Inventory',231,'2024-08-19 20:17:36.000000','2024-08-19 20:17:36.000000'),(198,NULL,0,NULL,'UNKNOWN',1,0,0,0,0,'{\"documents\": [], \"current_supplier_risk_assesment_id\": null, \"current_lab_risk_assessment_id\": null, \"current_client_risk_assessment_id\": null, \"current_courier_risk_assessment_id\": null, \"current_other_risk_assessment_id\": null, \"supplier_risk_assessments\": [], \"lab_risk_assessments\": [], \"client_risk_assessments\": [], \"courier_risk_assessments\": [], \"other_risk_assessments\": []}','Data from Powders Inventory',232,'2024-08-19 20:17:36.000000','2024-08-19 20:17:36.000000'),(199,NULL,0,NULL,'UNKNOWN',1,0,0,0,0,'{\"documents\": [], \"current_supplier_risk_assesment_id\": null, \"current_lab_risk_assessment_id\": null, \"current_client_risk_assessment_id\": null, \"current_courier_risk_assessment_id\": null, \"current_other_risk_assessment_id\": null, \"supplier_risk_assessments\": [], \"lab_risk_assessments\": [], \"client_risk_assessments\": [], \"courier_risk_assessments\": [], \"other_risk_assessments\": []}','Data from Powders Inventory',233,'2024-08-19 20:17:36.000000','2024-08-19 20:17:36.000000'),(200,NULL,0,NULL,'UNKNOWN',1,0,0,0,0,'{\"documents\": [], \"current_supplier_risk_assesment_id\": null, \"current_lab_risk_assessment_id\": null, \"current_client_risk_assessment_id\": null, \"current_courier_risk_assessment_id\": null, \"current_other_risk_assessment_id\": null, \"supplier_risk_assessments\": [], \"lab_risk_assessments\": [], \"client_risk_assessments\": [], \"courier_risk_assessments\": [], \"other_risk_assessments\": []}','Data from Powders Inventory',234,'2024-08-19 20:17:36.000000','2024-08-19 20:17:36.000000'),(201,NULL,0,NULL,'UNKNOWN',1,0,0,0,0,'{\"documents\": [], \"current_supplier_risk_assesment_id\": null, \"current_lab_risk_assessment_id\": null, \"current_client_risk_assessment_id\": null, \"current_courier_risk_assessment_id\": null, \"current_other_risk_assessment_id\": null, \"supplier_risk_assessments\": [], \"lab_risk_assessments\": [], \"client_risk_assessments\": [], \"courier_risk_assessments\": [], \"other_risk_assessments\": []}','Data from Powders Inventory',235,'2024-08-19 20:17:36.000000','2024-08-19 20:17:36.000000'),(202,NULL,0,NULL,'UNKNOWN',1,0,0,0,0,'{\"documents\": [], \"current_supplier_risk_assesment_id\": null, \"current_lab_risk_assessment_id\": null, \"current_client_risk_assessment_id\": null, \"current_courier_risk_assessment_id\": null, \"current_other_risk_assessment_id\": null, \"supplier_risk_assessments\": [], \"lab_risk_assessments\": [], \"client_risk_assessments\": [], \"courier_risk_assessments\": [], \"other_risk_assessments\": []}','Data from Powders Inventory',236,'2024-08-19 20:17:36.000000','2024-08-19 20:17:36.000000'),(203,NULL,0,NULL,'UNKNOWN',1,0,0,0,0,'{\"documents\": [], \"current_supplier_risk_assesment_id\": null, \"current_lab_risk_assessment_id\": null, \"current_client_risk_assessment_id\": null, \"current_courier_risk_assessment_id\": null, \"current_other_risk_assessment_id\": null, \"supplier_risk_assessments\": [], \"lab_risk_assessments\": [], \"client_risk_assessments\": [], \"courier_risk_assessments\": [], \"other_risk_assessments\": []}','Data from Powders Inventory',237,'2024-08-19 20:17:36.000000','2024-08-19 20:17:36.000000'),(204,NULL,0,NULL,'UNKNOWN',1,0,0,0,0,'{\"documents\": [], \"current_supplier_risk_assesment_id\": null, \"current_lab_risk_assessment_id\": null, \"current_client_risk_assessment_id\": null, \"current_courier_risk_assessment_id\": null, \"current_other_risk_assessment_id\": null, \"supplier_risk_assessments\": [], \"lab_risk_assessments\": [], \"client_risk_assessments\": [], \"courier_risk_assessments\": [], \"other_risk_assessments\": []}','Data from Powders Inventory',238,'2024-08-19 20:17:36.000000','2024-08-19 20:17:36.000000'),(205,NULL,0,NULL,'High_Risk',1,0,0,0,0,'{\"documents\": [], \"current_supplier_risk_assesment_id\": null, \"current_lab_risk_assessment_id\": null, \"current_client_risk_assessment_id\": null, \"current_courier_risk_assessment_id\": null, \"current_other_risk_assessment_id\": null, \"supplier_risk_assessments\": [], \"lab_risk_assessments\": [], \"client_risk_assessments\": [], \"courier_risk_assessments\": [], \"other_risk_assessments\": []}','Data from Powders Inventory',239,'2024-08-19 20:17:36.000000','2024-08-19 20:17:36.000000'),(206,NULL,0,NULL,'UNKNOWN',1,0,0,0,0,'{\"documents\": [], \"current_supplier_risk_assesment_id\": null, \"current_lab_risk_assessment_id\": null, \"current_client_risk_assessment_id\": null, \"current_courier_risk_assessment_id\": null, \"current_other_risk_assessment_id\": null, \"supplier_risk_assessments\": [], \"lab_risk_assessments\": [], \"client_risk_assessments\": [], \"courier_risk_assessments\": [], \"other_risk_assessments\": []}','Data from Powders Inventory',240,'2024-08-19 20:17:36.000000','2024-08-19 20:17:36.000000'),(207,NULL,0,NULL,'No_Risk',1,0,0,0,0,'{\"documents\": [], \"current_supplier_risk_assesment_id\": null, \"current_lab_risk_assessment_id\": null, \"current_client_risk_assessment_id\": null, \"current_courier_risk_assessment_id\": null, \"current_other_risk_assessment_id\": null, \"supplier_risk_assessments\": [], \"lab_risk_assessments\": [], \"client_risk_assessments\": [], \"courier_risk_assessments\": [], \"other_risk_assessments\": []}','Data from Items Inventory',241,'2024-08-19 20:17:36.000000','2024-08-19 20:17:36.000000'),(208,NULL,0,NULL,'No_Risk',1,0,0,0,0,'{\"documents\": [], \"current_supplier_risk_assesment_id\": null, \"current_lab_risk_assessment_id\": null, \"current_client_risk_assessment_id\": null, \"current_courier_risk_assessment_id\": null, \"current_other_risk_assessment_id\": null, \"supplier_risk_assessments\": [], \"lab_risk_assessments\": [], \"client_risk_assessments\": [], \"courier_risk_assessments\": [], \"other_risk_assessments\": []}','Data from Items Inventory',242,'2024-08-19 20:17:36.000000','2024-08-19 20:17:36.000000'),(209,NULL,0,NULL,'No_Risk',1,0,0,0,0,'{\"documents\": [], \"current_supplier_risk_assesment_id\": null, \"current_lab_risk_assessment_id\": null, \"current_client_risk_assessment_id\": null, \"current_courier_risk_assessment_id\": null, \"current_other_risk_assessment_id\": null, \"supplier_risk_assessments\": [], \"lab_risk_assessments\": [], \"client_risk_assessments\": [], \"courier_risk_assessments\": [], \"other_risk_assessments\": []}','Data from Items Inventory',243,'2024-08-19 20:17:36.000000','2024-08-19 20:17:36.000000'),(210,NULL,0,NULL,'No_Risk',1,0,0,0,0,'{\"documents\": [], \"current_supplier_risk_assesment_id\": null, \"current_lab_risk_assessment_id\": null, \"current_client_risk_assessment_id\": null, \"current_courier_risk_assessment_id\": null, \"current_other_risk_assessment_id\": null, \"supplier_risk_assessments\": [], \"lab_risk_assessments\": [], \"client_risk_assessments\": [], \"courier_risk_assessments\": [], \"other_risk_assessments\": []}','Data from Items Inventory',244,'2024-08-19 20:17:36.000000','2024-08-19 20:17:36.000000'),(211,NULL,0,NULL,'No_Risk',1,0,0,0,0,'{\"documents\": [], \"current_supplier_risk_assesment_id\": null, \"current_lab_risk_assessment_id\": null, \"current_client_risk_assessment_id\": null, \"current_courier_risk_assessment_id\": null, \"current_other_risk_assessment_id\": null, \"supplier_risk_assessments\": [], \"lab_risk_assessments\": [], \"client_risk_assessments\": [], \"courier_risk_assessments\": [], \"other_risk_assessments\": []}','Data from Items Inventory',245,'2024-08-19 20:17:36.000000','2024-08-19 20:17:36.000000'),(212,NULL,0,NULL,'No_Risk',1,0,0,0,0,'{\"documents\": [], \"current_supplier_risk_assesment_id\": null, \"current_lab_risk_assessment_id\": null, \"current_client_risk_assessment_id\": null, \"current_courier_risk_assessment_id\": null, \"current_other_risk_assessment_id\": null, \"supplier_risk_assessments\": [], \"lab_risk_assessments\": [], \"client_risk_assessments\": [], \"courier_risk_assessments\": [], \"other_risk_assessments\": []}','Data from Items Inventory',246,'2024-08-19 20:17:36.000000','2024-08-19 20:17:36.000000'),(213,NULL,0,NULL,'No_Risk',1,0,0,0,0,'{\"documents\": [], \"current_supplier_risk_assesment_id\": null, \"current_lab_risk_assessment_id\": null, \"current_client_risk_assessment_id\": null, \"current_courier_risk_assessment_id\": null, \"current_other_risk_assessment_id\": null, \"supplier_risk_assessments\": [], \"lab_risk_assessments\": [], \"client_risk_assessments\": [], \"courier_risk_assessments\": [], \"other_risk_assessments\": []}','Data from Items Inventory',247,'2024-08-19 20:17:36.000000','2024-08-19 20:17:36.000000'),(214,NULL,0,NULL,'No_Risk',1,0,0,0,0,'{\"documents\": [], \"current_supplier_risk_assesment_id\": null, \"current_lab_risk_assessment_id\": null, \"current_client_risk_assessment_id\": null, \"current_courier_risk_assessment_id\": null, \"current_other_risk_assessment_id\": null, \"supplier_risk_assessments\": [], \"lab_risk_assessments\": [], \"client_risk_assessments\": [], \"courier_risk_assessments\": [], \"other_risk_assessments\": []}','Data from Items Inventory',248,'2024-08-19 20:17:36.000000','2024-08-19 20:17:36.000000'),(215,NULL,0,NULL,'No_Risk',1,0,0,0,0,'{\"documents\": [], \"current_supplier_risk_assesment_id\": null, \"current_lab_risk_assessment_id\": null, \"current_client_risk_assessment_id\": null, \"current_courier_risk_assessment_id\": null, \"current_other_risk_assessment_id\": null, \"supplier_risk_assessments\": [], \"lab_risk_assessments\": [], \"client_risk_assessments\": [], \"courier_risk_assessments\": [], \"other_risk_assessments\": []}','Data from Items Inventory',249,'2024-08-19 20:17:36.000000','2024-08-19 20:17:36.000000'),(216,NULL,0,NULL,'No_Risk',1,0,0,0,0,'{\"documents\": [], \"current_supplier_risk_assesment_id\": null, \"current_lab_risk_assessment_id\": null, \"current_client_risk_assessment_id\": null, \"current_courier_risk_assessment_id\": null, \"current_other_risk_assessment_id\": null, \"supplier_risk_assessments\": [], \"lab_risk_assessments\": [], \"client_risk_assessments\": [], \"courier_risk_assessments\": [], \"other_risk_assessments\": []}','Data from Items Inventory',250,'2024-08-19 20:17:36.000000','2024-08-19 20:17:36.000000'),(217,NULL,0,NULL,'No_Risk',1,0,0,0,0,'{\"documents\": [], \"current_supplier_risk_assesment_id\": null, \"current_lab_risk_assessment_id\": null, \"current_client_risk_assessment_id\": null, \"current_courier_risk_assessment_id\": null, \"current_other_risk_assessment_id\": null, \"supplier_risk_assessments\": [], \"lab_risk_assessments\": [], \"client_risk_assessments\": [], \"courier_risk_assessments\": [], \"other_risk_assessments\": []}','Data from Items Inventory',251,'2024-08-19 20:17:36.000000','2024-08-19 20:17:36.000000'),(218,NULL,0,NULL,'No_Risk',1,0,0,0,0,'{\"documents\": [], \"current_supplier_risk_assesment_id\": null, \"current_lab_risk_assessment_id\": null, \"current_client_risk_assessment_id\": null, \"current_courier_risk_assessment_id\": null, \"current_other_risk_assessment_id\": null, \"supplier_risk_assessments\": [], \"lab_risk_assessments\": [], \"client_risk_assessments\": [], \"courier_risk_assessments\": [], \"other_risk_assessments\": []}','Data from Items Inventory',252,'2024-08-19 20:17:36.000000','2024-08-19 20:17:36.000000'),(219,NULL,0,NULL,'No_Risk',1,0,0,0,0,'{\"documents\": [], \"current_supplier_risk_assesment_id\": null, \"current_lab_risk_assessment_id\": null, \"current_client_risk_assessment_id\": null, \"current_courier_risk_assessment_id\": null, \"current_other_risk_assessment_id\": null, \"supplier_risk_assessments\": [], \"lab_risk_assessments\": [], \"client_risk_assessments\": [], \"courier_risk_assessments\": [], \"other_risk_assessments\": []}','Data from Items Inventory',253,'2024-08-19 20:17:36.000000','2024-08-19 20:17:36.000000'),(220,NULL,0,NULL,'No_Risk',1,0,0,0,0,'{\"documents\": [], \"current_supplier_risk_assesment_id\": null, \"current_lab_risk_assessment_id\": null, \"current_client_risk_assessment_id\": null, \"current_courier_risk_assessment_id\": null, \"current_other_risk_assessment_id\": null, \"supplier_risk_assessments\": [], \"lab_risk_assessments\": [], \"client_risk_assessments\": [], \"courier_risk_assessments\": [], \"other_risk_assessments\": []}','Data from Items Inventory',254,'2024-08-19 20:17:36.000000','2024-08-19 20:17:36.000000'),(221,NULL,0,NULL,'No_Risk',1,0,0,0,0,'{\"documents\": [], \"current_supplier_risk_assesment_id\": null, \"current_lab_risk_assessment_id\": null, \"current_client_risk_assessment_id\": null, \"current_courier_risk_assessment_id\": null, \"current_other_risk_assessment_id\": null, \"supplier_risk_assessments\": [], \"lab_risk_assessments\": [], \"client_risk_assessments\": [], \"courier_risk_assessments\": [], \"other_risk_assessments\": []}','Data from Items Inventory',255,'2024-08-19 20:17:36.000000','2024-08-19 20:17:36.000000'),(222,NULL,0,NULL,'No_Risk',1,0,0,0,0,'{\"documents\": [], \"current_supplier_risk_assesment_id\": null, \"current_lab_risk_assessment_id\": null, \"current_client_risk_assessment_id\": null, \"current_courier_risk_assessment_id\": null, \"current_other_risk_assessment_id\": null, \"supplier_risk_assessments\": [], \"lab_risk_assessments\": [], \"client_risk_assessments\": [], \"courier_risk_assessments\": [], \"other_risk_assessments\": []}','Data from Items Inventory',256,'2024-08-19 20:17:36.000000','2024-08-19 20:17:36.000000'),(223,NULL,0,NULL,'No_Risk',1,0,0,0,0,'{\"documents\": [], \"current_supplier_risk_assesment_id\": null, \"current_lab_risk_assessment_id\": null, \"current_client_risk_assessment_id\": null, \"current_courier_risk_assessment_id\": null, \"current_other_risk_assessment_id\": null, \"supplier_risk_assessments\": [], \"lab_risk_assessments\": [], \"client_risk_assessments\": [], \"courier_risk_assessments\": [], \"other_risk_assessments\": []}','Data from Items Inventory',257,'2024-08-19 20:17:36.000000','2024-08-19 20:17:36.000000'),(224,NULL,0,NULL,'No_Risk',1,0,0,0,0,'{\"documents\": [], \"current_supplier_risk_assesment_id\": null, \"current_lab_risk_assessment_id\": null, \"current_client_risk_assessment_id\": null, \"current_courier_risk_assessment_id\": null, \"current_other_risk_assessment_id\": null, \"supplier_risk_assessments\": [], \"lab_risk_assessments\": [], \"client_risk_assessments\": [], \"courier_risk_assessments\": [], \"other_risk_assessments\": []}','Data from Items Inventory',258,'2024-08-19 20:17:36.000000','2024-08-19 20:17:36.000000'),(225,NULL,0,NULL,'No_Risk',1,0,0,0,0,'{\"documents\": [], \"current_supplier_risk_assesment_id\": null, \"current_lab_risk_assessment_id\": null, \"current_client_risk_assessment_id\": null, \"current_courier_risk_assessment_id\": null, \"current_other_risk_assessment_id\": null, \"supplier_risk_assessments\": [], \"lab_risk_assessments\": [], \"client_risk_assessments\": [], \"courier_risk_assessments\": [], \"other_risk_assessments\": []}','Data from Items Inventory',259,'2024-08-19 20:17:36.000000','2024-08-19 20:17:36.000000'),(226,NULL,0,NULL,'No_Risk',1,0,0,0,0,'{\"documents\": [], \"current_supplier_risk_assesment_id\": null, \"current_lab_risk_assessment_id\": null, \"current_client_risk_assessment_id\": null, \"current_courier_risk_assessment_id\": null, \"current_other_risk_assessment_id\": null, \"supplier_risk_assessments\": [], \"lab_risk_assessments\": [], \"client_risk_assessments\": [], \"courier_risk_assessments\": [], \"other_risk_assessments\": []}','Data from Items Inventory',260,'2024-08-19 20:17:36.000000','2024-08-19 20:17:36.000000'),(227,NULL,0,NULL,'No_Risk',1,0,0,0,0,'{\"documents\": [], \"current_supplier_risk_assesment_id\": null, \"current_lab_risk_assessment_id\": null, \"current_client_risk_assessment_id\": null, \"current_courier_risk_assessment_id\": null, \"current_other_risk_assessment_id\": null, \"supplier_risk_assessments\": [], \"lab_risk_assessments\": [], \"client_risk_assessments\": [], \"courier_risk_assessments\": [], \"other_risk_assessments\": []}','Data from Items Inventory',261,'2024-08-19 20:17:36.000000','2024-08-19 20:17:36.000000'),(228,NULL,0,NULL,'No_Risk',1,0,0,0,0,'{\"documents\": [], \"current_supplier_risk_assesment_id\": null, \"current_lab_risk_assessment_id\": null, \"current_client_risk_assessment_id\": null, \"current_courier_risk_assessment_id\": null, \"current_other_risk_assessment_id\": null, \"supplier_risk_assessments\": [], \"lab_risk_assessments\": [], \"client_risk_assessments\": [], \"courier_risk_assessments\": [], \"other_risk_assessments\": []}','Data from Items Inventory',262,'2024-08-19 20:17:36.000000','2024-08-19 20:17:36.000000'),(229,NULL,0,NULL,'UNKNOWN',1,0,0,0,0,'{\"documents\": [], \"current_supplier_risk_assesment_id\": null, \"current_lab_risk_assessment_id\": null, \"current_client_risk_assessment_id\": null, \"current_courier_risk_assessment_id\": null, \"current_other_risk_assessment_id\": null, \"supplier_risk_assessments\": [], \"lab_risk_assessments\": [], \"client_risk_assessments\": [], \"courier_risk_assessments\": [], \"other_risk_assessments\": []}',NULL,NULL,'2024-08-19 20:17:36.000000','2024-08-19 20:17:36.000000'),(230,'https://dolcesuperfoods.com/',0,NULL,'UNKNOWN',1,0,0,0,0,'{\"documents\": [], \"current_supplier_risk_assesment_id\": null, \"current_lab_risk_assessment_id\": null, \"current_client_risk_assessment_id\": null, \"current_courier_risk_assessment_id\": null, \"current_other_risk_assessment_id\": null, \"supplier_risk_assessments\": [], \"lab_risk_assessments\": [], \"client_risk_assessments\": [], \"courier_risk_assessments\": [], \"other_risk_assessments\": []}',NULL,NULL,'2024-08-19 20:17:36.000000','2024-08-19 20:17:36.000000'),(231,'https://dolcesuperfoods.com/',0,NULL,'UNKNOWN',1,0,0,0,0,'{\"documents\": [], \"current_supplier_risk_assesment_id\": null, \"current_lab_risk_assessment_id\": null, \"current_client_risk_assessment_id\": null, \"current_courier_risk_assessment_id\": null, \"current_other_risk_assessment_id\": null, \"supplier_risk_assessments\": [], \"lab_risk_assessments\": [], \"client_risk_assessments\": [], \"courier_risk_assessments\": [], \"other_risk_assessments\": []}',NULL,265,'2024-08-19 20:17:36.000000','2024-08-19 20:17:36.000000');
/*!40000 ALTER TABLE `Organizations` ENABLE KEYS */;
UNLOCK TABLES;

--
-- Table structure for table `People`
--

DROP TABLE IF EXISTS `People`;
/*!40101 SET @saved_cs_client     = @@character_set_client */;
/*!50503 SET character_set_client = utf8mb4 */;
CREATE TABLE `People` (
  `person_id` int(10) unsigned NOT NULL AUTO_INCREMENT,
  `organization_id` int(10) unsigned DEFAULT NULL,
  `first_name` varchar(100) DEFAULT NULL,
  `last_name` varchar(100) DEFAULT NULL,
  `job_description` varchar(100) DEFAULT NULL,
  `department` varchar(500) DEFAULT NULL,
  `phone_number_primary` varchar(20) DEFAULT NULL,
  `phone_number_secondary` varchar(20) DEFAULT NULL,
  `email_address_primary` varchar(100) DEFAULT NULL,
  `email_address_secondary` varchar(100) DEFAULT NULL,
  `birthday` date DEFAULT NULL,
  `is_employee` tinyint(1) DEFAULT NULL,
  `contract_date` date DEFAULT NULL,
  `termination_date` date DEFAULT NULL,
  `clock_number` varchar(20) DEFAULT NULL,
  `timestamp_entered` timestamp(6) NOT NULL DEFAULT current_timestamp(6),
  `timestamp_modified` timestamp(6) NOT NULL DEFAULT current_timestamp(6) ON UPDATE current_timestamp(6),
  PRIMARY KEY (`person_id`),
  KEY `organization_id` (`organization_id`),
  CONSTRAINT `People_ibfk_1` FOREIGN KEY (`organization_id`) REFERENCES `Organizations` (`organization_id`)
) ENGINE=InnoDB AUTO_INCREMENT=14 DEFAULT CHARSET=utf8mb4 COLLATE=utf8mb4_general_ci;
/*!40101 SET character_set_client = @saved_cs_client */;

--
-- Dumping data for table `People`
--

LOCK TABLES `People` WRITE;
/*!40000 ALTER TABLE `People` DISABLE KEYS */;
INSERT INTO `People` VALUES (1,1,'Kathy','Jensen','Owner','Client Relations, Purchasing','8016025244',NULL,'info@holisticlifesupplements.com',NULL,NULL,1,NULL,NULL,NULL,'2024-08-19 20:17:36.000000','2024-08-19 20:17:36.000000'),(2,1,'Steven','Jensen','Owner','Client Relations, Purchasing','8017873151',NULL,'stevej@prolifixnutrition.com',NULL,NULL,1,NULL,NULL,NULL,'2024-08-19 20:17:36.000000','2024-08-19 20:17:36.000000'),(3,1,'Ian','Bull','Manager','Maintenance, Human Recources, Production','9285645378',NULL,'ianbullpn@gmail.com',NULL,NULL,1,NULL,'2024-02-15',NULL,'2024-08-19 20:17:36.000000','2024-08-19 20:17:36.000000'),(4,1,'Nathaniel','Reeves','Manager','Quality, Information Technology, Software Development','8013801953',NULL,'nathanr@prolifixnutrition.com',NULL,'1998-12-14',1,'2020-06-20',NULL,'10399','2024-08-19 20:17:36.000000','2024-08-19 20:17:36.000000'),(5,1,'Anna','Thayer','Batcher','Production','4352293919',NULL,NULL,NULL,NULL,1,NULL,NULL,'9188','2024-08-19 20:17:36.000000','2024-08-19 20:17:36.000000'),(6,1,'Coby','Thayer','Team Lead','Production','4352159484',NULL,'colbyt@prolifixnutrition.com',NULL,NULL,1,NULL,NULL,'9187','2024-08-19 20:17:36.000000','2024-08-19 20:17:36.000000'),(7,1,'Benjamin','Black','Staff','Production','4356164236',NULL,NULL,NULL,NULL,1,NULL,NULL,'9186','2024-08-19 20:17:36.000000','2024-08-19 20:17:36.000000'),(8,1,'James','Beckstrand','Staff','Production',NULL,NULL,NULL,NULL,'1983-01-30',1,NULL,NULL,'10568','2024-08-19 20:17:36.000000','2024-08-19 20:17:36.000000'),(9,1,'Sage','Stockard','Staff','Production',NULL,NULL,NULL,NULL,NULL,1,NULL,NULL,'12475','2024-08-19 20:17:36.000000','2024-08-19 20:17:36.000000'),(10,1,'Jason','Hare','Staff','Production',NULL,NULL,NULL,NULL,NULL,1,NULL,NULL,'12460','2024-08-19 20:17:36.000000','2024-08-19 20:17:36.000000'),(11,1,'Amy','Hobbs-Densley','Staff','Quality','4352224117',NULL,'amyhd@prolifixnutrition.com',NULL,NULL,1,'2023-09-26',NULL,'14539','2024-08-19 20:17:36.000000','2024-08-19 20:17:36.000000'),(12,1,'Dallas','Jensen','Staff','Inventory','5183733307',NULL,NULL,NULL,NULL,1,'2023-09-26','2023-12-18',NULL,'2024-08-19 20:17:36.000000','2024-08-19 20:17:36.000000'),(13,1,'Krzysztof','Bednarczuk','Staff','Inventory','3125363767',NULL,'krzysztofb@prolifixnutrition.com',NULL,NULL,1,'2024-03-25',NULL,NULL,'2024-08-19 20:17:36.000000','2024-08-19 20:17:36.000000');
/*!40000 ALTER TABLE `People` ENABLE KEYS */;
UNLOCK TABLES;

--
-- Table structure for table `Users`
--

DROP TABLE IF EXISTS `Users`;
/*!40101 SET @saved_cs_client     = @@character_set_client */;
/*!50503 SET character_set_client = utf8mb4 */;
CREATE TABLE `Users` (
  `user_id` int(10) unsigned NOT NULL AUTO_INCREMENT,
  `person_id` int(10) unsigned DEFAULT NULL,
  `username` varchar(100) NOT NULL,
  `encrypted_password` varchar(250) NOT NULL,
  `profile_picture` varchar(500) DEFAULT NULL,
  `color_theme` enum('Light','Dark') DEFAULT NULL,
  `doc` longtext CHARACTER SET utf8mb4 COLLATE utf8mb4_bin DEFAULT NULL CHECK (json_valid(`doc`)),
  `timestamp_entered` timestamp(6) NOT NULL DEFAULT current_timestamp(6),
  `timestamp_modified` timestamp(6) NOT NULL DEFAULT current_timestamp(6) ON UPDATE current_timestamp(6),
  PRIMARY KEY (`user_id`),
  UNIQUE KEY `user_id` (`user_id`),
  UNIQUE KEY `username` (`username`)
) ENGINE=InnoDB AUTO_INCREMENT=13 DEFAULT CHARSET=utf8mb4 COLLATE=utf8mb4_general_ci;
/*!40101 SET character_set_client = @saved_cs_client */;

--
-- Dumping data for table `Users`
--

LOCK TABLES `Users` WRITE;
/*!40000 ALTER TABLE `Users` DISABLE KEYS */;
INSERT INTO `Users` VALUES (1,1,'kathyj','pbkdf2:sha256:150000$OGmf0SV2$67a192b683bee0ee1e175b4a8601e7aec19bcb8319f66f920b9d608b352e74de','/users/kathyj001.jpg','Light','{\"_id\":1,\"database_priveleges\":{\"Formulas\":{\"default\":[\"GET\",\"POST\",\"PUT\",\"DELETE\"]},\"Inventory\":{\"default\":[\"GET\",\"POST\",\"PUT\",\"DELETE\"]},\"Manufacturing\":{\"default\":[\"GET\",\"POST\",\"PUT\",\"DELETE\"]},\"Orders\":{\"default\":[\"GET\",\"POST\",\"PUT\",\"DELETE\"]},\"Organizations\":{\"default\":[\"GET\",\"POST\",\"PUT\",\"DELETE\"]},\"Products\":{\"default\":[\"GET\",\"POST\",\"PUT\",\"DELETE\"]}}}','2024-08-19 20:17:36.000000','2024-08-19 20:17:36.000000'),(2,2,'stevej','pbkdf2:sha256:150000$ARAhwT0G$dbdad12136ad583e387d1521e22a511908fc18b46df53c96cc0e1a6db0afab9a','/users/stevej002.jpg','Light','{\"_id\":2,\"database_priveleges\":{\"Formulas\":{\"default\":[\"GET\",\"POST\",\"PUT\",\"DELETE\"]},\"Inventory\":{\"default\":[\"GET\",\"POST\",\"PUT\",\"DELETE\"]},\"Manufacturing\":{\"default\":[\"GET\",\"POST\",\"PUT\",\"DELETE\"]},\"Orders\":{\"default\":[\"GET\",\"POST\",\"PUT\",\"DELETE\"]},\"Organizations\":{\"default\":[\"GET\",\"POST\",\"PUT\",\"DELETE\"]},\"Products\":{\"default\":[\"GET\",\"POST\",\"PUT\",\"DELETE\"]}}}','2024-08-19 20:17:36.000000','2024-08-19 20:17:36.000000'),(4,4,'nathanielr','pbkdf2:sha256:150000$s5Atq4Gb$7a3fdad4b7b03fe84f7a5d94ac4ac8d07ec3c4c6ad198c5526859d9c114c4daf','/users/nathanielr004.jpg','Dark','{\"_id\":4,\"database_priveleges\":{\"Formulas\":{\"default\":[\"GET\",\"POST\",\"PUT\",\"DELETE\"]},\"Inventory\":{\"default\":[\"GET\",\"POST\",\"PUT\",\"DELETE\"]},\"Manufacturing\":{\"default\":[\"GET\",\"POST\",\"PUT\",\"DELETE\"]},\"Orders\":{\"default\":[\"GET\",\"POST\",\"PUT\",\"DELETE\"]},\"Organizations\":{\"default\":[\"GET\",\"POST\",\"PUT\",\"DELETE\"]},\"Products\":{\"default\":[\"GET\",\"POST\",\"PUT\",\"DELETE\"]}}}','2024-08-19 20:17:36.000000','2024-08-19 20:17:36.000000'),(5,5,'annat','pbkdf2:sha256:150000$vj0jLaNU$9da76e83ab714215800caf9c854b84b9572fa8d5f35c4a4ac4581cc80b7a3ce0','/users/annat005.jpg','Light','{\"_id\":5,\"database_priveleges\":{\"Formulas\":{\"default\":[\"GET\",\"POST\",\"PUT\",\"DELETE\"]},\"Inventory\":{\"default\":[\"GET\",\"POST\",\"PUT\",\"DELETE\"]},\"Manufacturing\":{\"default\":[\"GET\",\"POST\",\"PUT\",\"DELETE\"]},\"Orders\":{\"default\":[\"GET\",\"POST\",\"PUT\",\"DELETE\"]},\"Organizations\":{\"default\":[\"GET\",\"POST\",\"PUT\",\"DELETE\"]},\"Products\":{\"default\":[\"GET\",\"POST\",\"PUT\",\"DELETE\"]}}}','2024-08-19 20:17:36.000000','2024-08-19 20:17:36.000000'),(6,6,'cobyt','pbkdf2:sha256:150000$cN0b6XBh$9b72c6ac2b37491321ff0c29e9e60b8b942ce28d9dde316202f439395ee2f781','/users/cobyt006.jpg','Light','{\"_id\":6,\"database_priveleges\":{\"Formulas\":{\"default\":[\"GET\",\"POST\",\"PUT\",\"DELETE\"]},\"Inventory\":{\"default\":[\"GET\",\"POST\",\"PUT\",\"DELETE\"]},\"Manufacturing\":{\"default\":[\"GET\",\"POST\",\"PUT\",\"DELETE\"]},\"Orders\":{\"default\":[\"GET\",\"POST\",\"PUT\",\"DELETE\"]},\"Organizations\":{\"default\":[\"GET\",\"POST\",\"PUT\",\"DELETE\"]},\"Products\":{\"default\":[\"GET\",\"POST\",\"PUT\",\"DELETE\"]}}}','2024-08-19 20:17:36.000000','2024-08-19 20:17:36.000000'),(7,7,'benjaminb','pbkdf2:sha256:150000$x9OVJujD$63efba77e774384f5e7e3be8319d843796574e68f18eeca375488c9e8d85fa0a','/users/benjaminb007.jpg','Light','{\"_id\":7,\"database_priveleges\":{\"Formulas\":{\"default\":[\"GET\",\"POST\",\"PUT\",\"DELETE\"]},\"Inventory\":{\"default\":[\"GET\",\"POST\",\"PUT\",\"DELETE\"]},\"Manufacturing\":{\"default\":[\"GET\",\"POST\",\"PUT\",\"DELETE\"]},\"Orders\":{\"default\":[\"GET\",\"POST\",\"PUT\",\"DELETE\"]},\"Organizations\":{\"default\":[\"GET\",\"POST\",\"PUT\",\"DELETE\"]},\"Products\":{\"default\":[\"GET\",\"POST\",\"PUT\",\"DELETE\"]}}}','2024-08-19 20:17:36.000000','2024-08-19 20:17:36.000000'),(8,8,'jamesb','pbkdf2:sha256:150000$5ZFy30w3$7272e826a67c223d472910b0fe3f06078c68c5734ca613a9b0ccd90d58c6734a','/users/jamesb008.jpg','Light','{\"_id\":8,\"database_priveleges\":{\"Formulas\":{\"default\":[\"GET\",\"POST\",\"PUT\",\"DELETE\"]},\"Inventory\":{\"default\":[\"GET\",\"POST\",\"PUT\",\"DELETE\"]},\"Manufacturing\":{\"default\":[\"GET\",\"POST\",\"PUT\",\"DELETE\"]},\"Orders\":{\"default\":[\"GET\",\"POST\",\"PUT\",\"DELETE\"]},\"Organizations\":{\"default\":[\"GET\",\"POST\",\"PUT\",\"DELETE\"]},\"Products\":{\"default\":[\"GET\",\"POST\",\"PUT\",\"DELETE\"]}}}','2024-08-19 20:17:36.000000','2024-08-19 20:17:36.000000'),(9,9,'sages','pbkdf2:sha256:150000$KQYTZj4S$259903c44e6129803fc07c0e739913081e7cc539f3400316bc3771366ed17822','/users/sages009.jpg','Light','{\"_id\":9,\"database_priveleges\":{\"Formulas\":{\"default\":[\"GET\",\"POST\",\"PUT\",\"DELETE\"]},\"Inventory\":{\"default\":[\"GET\",\"POST\",\"PUT\",\"DELETE\"]},\"Manufacturing\":{\"default\":[\"GET\",\"POST\",\"PUT\",\"DELETE\"]},\"Orders\":{\"default\":[\"GET\",\"POST\",\"PUT\",\"DELETE\"]},\"Organizations\":{\"default\":[\"GET\",\"POST\",\"PUT\",\"DELETE\"]},\"Products\":{\"default\":[\"GET\",\"POST\",\"PUT\",\"DELETE\"]}}}','2024-08-19 20:17:36.000000','2024-08-19 20:17:36.000000'),(10,10,'jasonh','pbkdf2:sha256:150000$glYAAK2m$79460e46a62a8eb9c75c4e05fd61c6b2906aa3c83904ddb1aa5493ae2714256f','/users/jasonh010.jpg','Light','{\"_id\":10,\"database_priveleges\":{\"Formulas\":{\"default\":[\"GET\",\"POST\",\"PUT\",\"DELETE\"]},\"Inventory\":{\"default\":[\"GET\",\"POST\",\"PUT\",\"DELETE\"]},\"Manufacturing\":{\"default\":[\"GET\",\"POST\",\"PUT\",\"DELETE\"]},\"Orders\":{\"default\":[\"GET\",\"POST\",\"PUT\",\"DELETE\"]},\"Organizations\":{\"default\":[\"GET\",\"POST\",\"PUT\",\"DELETE\"]},\"Products\":{\"default\":[\"GET\",\"POST\",\"PUT\",\"DELETE\"]}}}','2024-08-19 20:17:36.000000','2024-08-19 20:17:36.000000'),(11,11,'amyh','pbkdf2:sha256:150000$glYAAK2m$79460e46a62a8eb9c75c4e05fd61c6b2906aa3c83904ddb1aa5493ae2714256f','/users/amyh011.jpg','Light','{\"_id\":11,\"database_priveleges\":{\"Formulas\":{\"default\":[\"GET\",\"POST\",\"PUT\",\"DELETE\"]},\"Inventory\":{\"default\":[\"GET\",\"POST\",\"PUT\",\"DELETE\"]},\"Manufacturing\":{\"default\":[\"GET\",\"POST\",\"PUT\",\"DELETE\"]},\"Orders\":{\"default\":[\"GET\",\"POST\",\"PUT\",\"DELETE\"]},\"Organizations\":{\"default\":[\"GET\",\"POST\",\"PUT\",\"DELETE\"]},\"Products\":{\"default\":[\"GET\",\"POST\",\"PUT\",\"DELETE\"]}}}','2024-08-19 20:17:36.000000','2024-08-19 20:17:36.000000'),(12,13,'krysztofb','scrypt:32768:8:1$sU2AQnq8K3PMI5dp$df01838bf240a551047df79c2a08733e2e7649cd6c72a59a24de950f4194e8c2ebad3abd45ac433ef3e1cb9ccf365daf23c77dc857fb1c6333523c02a341574b','/users/krystofb.jpg','Light','{\"_id\":12,\"database_priveleges\":{\"Formulas\":{\"default\":[\"GET\",\"POST\",\"PUT\",\"DELETE\"]},\"Inventory\":{\"default\":[\"GET\",\"POST\",\"PUT\",\"DELETE\"]},\"Manufacturing\":{\"default\":[\"GET\",\"POST\",\"PUT\",\"DELETE\"]},\"Orders\":{\"default\":[\"GET\",\"POST\",\"PUT\",\"DELETE\"]},\"Organizations\":{\"default\":[\"GET\",\"POST\",\"PUT\",\"DELETE\"]},\"Products\":{\"default\":[\"GET\",\"POST\",\"PUT\",\"DELETE\"]}}}','2024-08-19 20:17:36.000000','2024-08-19 20:17:36.000000');
/*!40000 ALTER TABLE `Users` ENABLE KEYS */;
UNLOCK TABLES;

--
-- Dumping routines for database 'Organizations'
--
/*!40103 SET TIME_ZONE=@OLD_TIME_ZONE */;

/*!40101 SET SQL_MODE=@OLD_SQL_MODE */;
/*!40014 SET FOREIGN_KEY_CHECKS=@OLD_FOREIGN_KEY_CHECKS */;
/*!40014 SET UNIQUE_CHECKS=@OLD_UNIQUE_CHECKS */;
/*!40101 SET CHARACTER_SET_CLIENT=@OLD_CHARACTER_SET_CLIENT */;
/*!40101 SET CHARACTER_SET_RESULTS=@OLD_CHARACTER_SET_RESULTS */;
/*!40101 SET COLLATION_CONNECTION=@OLD_COLLATION_CONNECTION */;
/*!40111 SET SQL_NOTES=@OLD_SQL_NOTES */;

-- Dump completed on 2024-08-23 15:21:52
